-- Datos iniciales del sistema de vacunación

INSERT INTO mae_rol (id, nombre, descripcion) VALUES
                                                  (1, 'ADMINISTRADOR', 'Rol con acceso total a la configuración del sistema'),
                                                  (2, 'ENFERMERO', 'Rol encargado de aplicar dosis y registrar vacunas'),
                                                  (3, 'PACIENTE', 'Rol asignado a los pacientes que reciben atención'),
                                                  (4, 'SUPERVISOR_CLINICO', 'Supervisa la calidad del proceso de vacunación'),
                                                  (5, 'AUDITOR_INTERNO', 'Revisa el cumplimiento de protocolos y trazabilidad'),
                                                  (6, 'RECEPCIONISTA', 'Gestiona el registro de citas y atención al público'),
                                                  (7, 'FARMACEUTICO', 'Gestiona el stock e insumos de vacunas'),
                                                  (8, 'MEDICO_TRATANTE', 'Evalúa contraindicaciones y deriva casos especiales'),
                                                  (9, 'COORDINADOR_CAMPANA', 'Coordina campañas masivas de vacunación'),
                                                  (10, 'SOPORTE_TECNICO', 'Brinda soporte a la plataforma digital'),
                                                  (11, 'EPIDEMIOLOGO', 'Analiza indicadores de cobertura de vacunación'),
                                                  (12, 'ESTADISTICO_SALUD', 'Genera reportes de cobertura y metas'),
                                                  (13, 'JEFE_ENFERMERIA', 'Supervisa al personal de enfermería'),
                                                  (14, 'ASISTENTE_ADMINISTRATIVO', 'Apoya labores administrativas del centro'),
                                                  (15, 'LOGISTICA_INSUMOS', 'Gestiona la cadena de frío y transporte de vacunas'),
                                                  (16, 'CALIDAD_Y_PROCESOS', 'Vela por la mejora continua de procesos'),
                                                  (17, 'COMUNICACIONES', 'Gestiona campañas de difusión y recordatorios'),
                                                  (18, 'SEGURIDAD_INFORMATICA', 'Vela por la seguridad de los datos del sistema'),
                                                  (19, 'MEDICO_OCUPACIONAL', 'Evalúa vacunación del personal de salud'),
                                                  (20, 'SUPERVISOR_CAMPANA', 'Supervisa el desarrollo de campañas en campo'),
                                                  (21, 'ANALISTA_DATOS', 'Analiza datos de vacunación para toma de decisiones'),
                                                  (22, 'RESPONSABLE_ALMACEN', 'Administra el almacén de vacunas e insumos'),
                                                  (23, 'PSICOLOGO_SALUD', 'Brinda soporte emocional a pacientes con temor a vacunas'),
                                                  (24, 'NUTRICIONISTA', 'Evalúa estado nutricional relacionado a inmunización'),
                                                  (25, 'MEDICO_PEDIATRA', 'Evalúa esquemas de vacunación infantil'),
                                                  (26, 'MEDICO_GERIATRA', 'Evalúa esquemas de vacunación en adultos mayores'),
                                                  (27, 'VOLUNTARIO_SALUD', 'Apoya en campañas comunitarias de vacunación'),
                                                  (28, 'SUPERVISOR_CALIDAD_DATOS', 'Verifica consistencia de registros del sistema'),
                                                  (29, 'GESTOR_CONVENIOS', 'Gestiona convenios con centros de salud externos'),
                                                  (30, 'DIRECTOR_PROGRAMA', 'Dirige el programa nacional de inmunización');

INSERT INTO mae_permiso (codigo, nombre, descripcion, rol_id) VALUES
                                                                  ('USR_CREATE', 'Crear usuarios', 'Permiso para: crear usuarios', 1),
                                                                  ('USR_EDIT', 'Editar usuarios', 'Permiso para: editar usuarios', 2),
                                                                  ('USR_DELETE', 'Eliminar usuarios', 'Permiso para: eliminar usuarios', 3),
                                                                  ('CONFIG_EDIT', 'Editar configuración', 'Permiso para: editar configuración', 4),
                                                                  ('VAC_APPLY', 'Aplicar vacuna', 'Permiso para: aplicar vacuna', 5),
                                                                  ('VAC_VIEW', 'Ver vacunas', 'Permiso para: ver vacunas', 6),
                                                                  ('CITA_VIEW', 'Ver citas', 'Permiso para: ver citas', 7),
                                                                  ('CITA_CREATE', 'Crear citas', 'Permiso para: crear citas', 8),
                                                                  ('CITA_CANCEL', 'Cancelar citas', 'Permiso para: cancelar citas', 9),
                                                                  ('AUDIT_VIEW', 'Ver auditoría', 'Permiso para: ver auditoría', 10),
                                                                  ('REPORT_GENERATE', 'Generar reportes', 'Permiso para: generar reportes', 11),
                                                                  ('CAMPANIA_MANAGE', 'Gestionar campañas', 'Permiso para: gestionar campañas', 12),
                                                                  ('CENTRO_MANAGE', 'Gestionar centros de vacunación', 'Permiso para: gestionar centros de vacunación', 13),
                                                                  ('STOCK_VIEW', 'Ver stock de vacunas', 'Permiso para: ver stock de vacunas', 14),
                                                                  ('STOCK_EDIT', 'Editar stock de vacunas', 'Permiso para: editar stock de vacunas', 15),
                                                                  ('NOTIF_SEND', 'Enviar notificaciones', 'Permiso para: enviar notificaciones', 16),
                                                                  ('CARTILLA_VIEW', 'Ver cartilla digital', 'Permiso para: ver cartilla digital', 17),
                                                                  ('CARTILLA_EDIT', 'Editar cartilla digital', 'Permiso para: editar cartilla digital', 18),
                                                                  ('ESQUEMA_MANAGE', 'Gestionar esquemas de vacunación', 'Permiso para: gestionar esquemas de vacunación', 19),
                                                                  ('HORARIO_MANAGE', 'Gestionar horarios', 'Permiso para: gestionar horarios', 20),
                                                                  ('CALENDARIO_MANAGE', 'Gestionar calendario de días hábiles', 'Permiso para: gestionar calendario de días hábiles', 21),
                                                                  ('SEGURO_VIEW', 'Ver seguros médicos', 'Permiso para: ver seguros médicos', 22),
                                                                  ('ALERGIA_EDIT', 'Editar alergias de pacientes', 'Permiso para: editar alergias de pacientes', 23),
                                                                  ('CONDICION_EDIT', 'Editar condiciones médicas', 'Permiso para: editar condiciones médicas', 24),
                                                                  ('CONTRAINDICACION_VIEW', 'Ver contraindicaciones', 'Permiso para: ver contraindicaciones', 25),
                                                                  ('SESION_MANAGE', 'Gestionar sesiones activas', 'Permiso para: gestionar sesiones activas', 26),
                                                                  ('ROL_MANAGE', 'Gestionar roles y permisos', 'Permiso para: gestionar roles y permisos', 27),
                                                                  ('LABORATORIO_MANAGE', 'Gestionar laboratorios', 'Permiso para: gestionar laboratorios', 28),
                                                                  ('DASHBOARD_VIEW', 'Ver panel de indicadores', 'Permiso para: ver panel de indicadores', 29),
                                                                  ('EXPORT_DATA', 'Exportar datos del sistema', 'Permiso para: exportar datos del sistema', 30);

INSERT INTO mae_laboratorio (id, nombre, pais_origen) VALUES
                                                          (1, 'Pfizer-BioNTech', 'Estados Unidos'),
                                                          (2, 'Moderna', 'Estados Unidos'),
                                                          (3, 'AstraZeneca', 'Reino Unido'),
                                                          (4, 'Johnson & Johnson', 'Estados Unidos'),
                                                          (5, 'Sinopharm', 'China'),
                                                          (6, 'Sinovac Biotech', 'China'),
                                                          (7, 'Bharat Biotech', 'India'),
                                                          (8, 'Serum Institute of India', 'India'),
                                                          (9, 'GlaxoSmithKline', 'Reino Unido'),
                                                          (10, 'Sanofi Pasteur', 'Francia'),
                                                          (11, 'Merck & Co.', 'Estados Unidos'),
                                                          (12, 'Novartis', 'Suiza'),
                                                          (13, 'Bayer', 'Alemania'),
                                                          (14, 'Roche', 'Suiza'),
                                                          (15, 'Gilead Sciences', 'Estados Unidos'),
                                                          (16, 'Panacea Biotec', 'India'),
                                                          (17, 'CanSino Biologics', 'China'),
                                                          (18, 'Biological E Limited', 'India'),
                                                          (19, 'Zydus Cadila', 'India'),
                                                          (20, 'Instituto Butantan', 'Brasil'),
                                                          (21, 'Novavax', 'Estados Unidos'),
                                                          (22, 'CureVac', 'Alemania'),
                                                          (23, 'Valneva', 'Francia'),
                                                          (24, 'Centro Chumakov', 'Rusia'),
                                                          (25, 'Instituto Vector', 'Rusia'),
                                                          (26, 'Clover Biopharmaceuticals', 'China'),
                                                          (27, 'Medicago', 'Canadá'),
                                                          (28, 'Walvax Biotechnology', 'China'),
                                                          (29, 'Anhui Zhifei Longcom', 'China'),
                                                          (30, 'Laboratorios Bagó', 'Perú');

INSERT INTO mae_vacuna (id, nombre, laboratorio_id, dosis_requeridas, intervalo_dias, via_administracion, temperatura_almacenamiento, disponible, contraindicaciones, fecha_vencimiento) VALUES
                                                                                                                                                                                             (1, 'COVID-19 Comirnaty', 1, 2, 21, 'Intramuscular', '-70C', FALSE, 'Alergia severa a componentes del principio activo', '2027-06-30'),
                                                                                                                                                                                             (2, 'COVID-19 Spikevax', 2, 3, 28, 'Intramuscular', '-20C', TRUE, NULL, '2027-05-31'),
                                                                                                                                                                                             (3, 'COVID-19 Vaxzevria', 3, 2, 84, 'Intramuscular', '2-8C', TRUE, NULL, '2026-12-31'),
                                                                                                                                                                                             (4, 'COVID-19 Ad26.COV2.S', 4, 1, 0, 'Intramuscular', '2-8C', TRUE, NULL, '2026-11-30'),
                                                                                                                                                                                             (5, 'COVID-19 Sinopharm BBIBP-CorV', 5, 2, 21, 'Intramuscular', '2-8C', TRUE, 'Alergia severa a componentes del principio activo', '2026-10-31'),
                                                                                                                                                                                             (6, 'CoronaVac', 6, 2, 14, 'Intramuscular', '2-8C', TRUE, NULL, '2026-09-30'),
                                                                                                                                                                                             (7, 'Covaxin', 7, 2, 28, 'Intramuscular', '2-8C', TRUE, NULL, '2026-08-31'),
                                                                                                                                                                                             (8, 'Influenza Estacional Trivalente', 8, 1, 0, 'Intramuscular', '2-8C', TRUE, NULL, '2026-12-31'),
                                                                                                                                                                                             (9, 'Influenza Estacional Tetravalente', 9, 1, 0, 'Intramuscular', '2-8C', TRUE, 'Alergia severa a componentes del principio activo', '2026-12-31'),
                                                                                                                                                                                             (10, 'Hepatitis B', 10, 3, 30, 'Intramuscular', '2-8C', FALSE, NULL, '2027-01-15'),
                                                                                                                                                                                             (11, 'Hepatitis A', 11, 2, 180, 'Intramuscular', '2-8C', TRUE, NULL, '2027-02-28'),
                                                                                                                                                                                             (12, 'Triple Viral (SPR)', 12, 2, 28, 'Subcutánea', '2-8C', TRUE, NULL, '2027-03-31'),
                                                                                                                                                                                             (13, 'DTP (Difteria, Tétanos, Pertussis)', 13, 3, 60, 'Intramuscular', '2-8C', TRUE, 'Alergia severa a componentes del principio activo', '2027-04-30'),
                                                                                                                                                                                             (14, 'Antitetánica', 14, 1, 0, 'Intramuscular', '2-8C', TRUE, NULL, '2027-05-15'),
                                                                                                                                                                                             (15, 'BCG (Tuberculosis)', 15, 1, 0, 'Intradérmica', '2-8C', TRUE, NULL, '2027-06-15'),
                                                                                                                                                                                             (16, 'Antipolio (IPV)', 16, 3, 60, 'Intramuscular', '2-8C', TRUE, NULL, '2027-07-15'),
                                                                                                                                                                                             (17, 'Antipolio Oral (OPV)', 17, 3, 60, 'Oral', '2-8C', TRUE, 'Alergia severa a componentes del principio activo', '2027-07-31'),
                                                                                                                                                                                             (18, 'Vacuna contra el VPH', 18, 2, 180, 'Intramuscular', '2-8C', TRUE, NULL, '2027-08-31'),
                                                                                                                                                                                             (19, 'Antineumocócica Conjugada', 19, 3, 60, 'Intramuscular', '2-8C', FALSE, NULL, '2027-09-30'),
                                                                                                                                                                                             (20, 'Antimeningocócica', 20, 2, 60, 'Intramuscular', '2-8C', TRUE, NULL, '2027-10-31'),
                                                                                                                                                                                             (21, 'Antirrábica', 21, 4, 7, 'Intramuscular', '2-8C', TRUE, 'Alergia severa a componentes del principio activo', '2026-12-15'),
                                                                                                                                                                                             (22, 'Fiebre Amarilla', 22, 1, 0, 'Subcutánea', '2-8C', TRUE, NULL, '2027-11-30'),
                                                                                                                                                                                             (23, 'Antitifoidea', 23, 1, 0, 'Intramuscular', '2-8C', TRUE, NULL, '2027-01-31'),
                                                                                                                                                                                             (24, 'Antivaricela', 24, 2, 90, 'Subcutánea', '2-8C', TRUE, NULL, '2027-02-15'),
                                                                                                                                                                                             (25, 'Herpes Zóster (Shingrix)', 25, 2, 60, 'Intramuscular', '2-8C', TRUE, 'Alergia severa a componentes del principio activo', '2027-03-15'),
                                                                                                                                                                                             (26, 'Antirrotavirus', 26, 3, 30, 'Oral', '2-8C', TRUE, NULL, '2026-11-15'),
                                                                                                                                                                                             (27, 'Anti-Haemophilus influenzae b (Hib)', 27, 3, 60, 'Intramuscular', '2-8C', TRUE, NULL, '2027-04-15'),
                                                                                                                                                                                             (28, 'Antidengue (Qdenga)', 28, 2, 90, 'Subcutánea', '2-8C', FALSE, NULL, '2027-05-31'),
                                                                                                                                                                                             (29, 'RSV (Virus Sincitial Respiratorio)', 29, 1, 0, 'Intramuscular', '2-8C', TRUE, 'Alergia severa a componentes del principio activo', '2027-06-30'),
                                                                                                                                                                                             (30, 'Mpox (Viruela del Mono)', 30, 2, 28, 'Subcutánea', '2-8C', TRUE, NULL, '2026-10-15');

INSERT INTO mae_vacuna_efectos (vacuna_id, efecto) VALUES
                                                       (1, 'Dolor en el sitio de inyección'),
                                                       (1, 'Fiebre leve'),
                                                       (2, 'Fiebre leve'),
                                                       (2, 'Enrojecimiento local'),
                                                       (2, 'Fatiga'),
                                                       (3, 'Enrojecimiento local'),
                                                       (3, 'Fatiga'),
                                                       (3, 'Cefalea'),
                                                       (3, 'Malestar general'),
                                                       (4, 'Fatiga'),
                                                       (4, 'Cefalea'),
                                                       (5, 'Cefalea'),
                                                       (5, 'Malestar general'),
                                                       (5, 'Náuseas leves'),
                                                       (6, 'Malestar general'),
                                                       (6, 'Náuseas leves'),
                                                       (6, 'Hinchazón local'),
                                                       (6, 'Escalofríos'),
                                                       (7, 'Náuseas leves'),
                                                       (7, 'Hinchazón local'),
                                                       (8, 'Hinchazón local'),
                                                       (8, 'Escalofríos'),
                                                       (8, 'Dolor en el sitio de inyección'),
                                                       (9, 'Escalofríos'),
                                                       (9, 'Dolor en el sitio de inyección'),
                                                       (9, 'Fiebre leve'),
                                                       (9, 'Enrojecimiento local'),
                                                       (10, 'Dolor en el sitio de inyección'),
                                                       (10, 'Fiebre leve'),
                                                       (11, 'Fiebre leve'),
                                                       (11, 'Enrojecimiento local'),
                                                       (11, 'Fatiga'),
                                                       (12, 'Enrojecimiento local'),
                                                       (12, 'Fatiga'),
                                                       (12, 'Cefalea'),
                                                       (12, 'Malestar general'),
                                                       (13, 'Fatiga'),
                                                       (13, 'Cefalea'),
                                                       (14, 'Cefalea'),
                                                       (14, 'Malestar general'),
                                                       (14, 'Náuseas leves'),
                                                       (15, 'Malestar general'),
                                                       (15, 'Náuseas leves'),
                                                       (15, 'Hinchazón local'),
                                                       (15, 'Escalofríos'),
                                                       (16, 'Náuseas leves'),
                                                       (16, 'Hinchazón local'),
                                                       (17, 'Hinchazón local'),
                                                       (17, 'Escalofríos'),
                                                       (17, 'Dolor en el sitio de inyección'),
                                                       (18, 'Escalofríos'),
                                                       (18, 'Dolor en el sitio de inyección'),
                                                       (18, 'Fiebre leve'),
                                                       (18, 'Enrojecimiento local'),
                                                       (19, 'Dolor en el sitio de inyección'),
                                                       (19, 'Fiebre leve'),
                                                       (20, 'Fiebre leve'),
                                                       (20, 'Enrojecimiento local'),
                                                       (20, 'Fatiga'),
                                                       (21, 'Enrojecimiento local'),
                                                       (21, 'Fatiga'),
                                                       (21, 'Cefalea'),
                                                       (21, 'Malestar general'),
                                                       (22, 'Fatiga'),
                                                       (22, 'Cefalea'),
                                                       (23, 'Cefalea'),
                                                       (23, 'Malestar general'),
                                                       (23, 'Náuseas leves'),
                                                       (24, 'Malestar general'),
                                                       (24, 'Náuseas leves'),
                                                       (24, 'Hinchazón local'),
                                                       (24, 'Escalofríos'),
                                                       (25, 'Náuseas leves'),
                                                       (25, 'Hinchazón local'),
                                                       (26, 'Hinchazón local'),
                                                       (26, 'Escalofríos'),
                                                       (26, 'Dolor en el sitio de inyección'),
                                                       (27, 'Escalofríos'),
                                                       (27, 'Dolor en el sitio de inyección'),
                                                       (27, 'Fiebre leve'),
                                                       (27, 'Enrojecimiento local'),
                                                       (28, 'Dolor en el sitio de inyección'),
                                                       (28, 'Fiebre leve'),
                                                       (29, 'Fiebre leve'),
                                                       (29, 'Enrojecimiento local'),
                                                       (29, 'Fatiga'),
                                                       (30, 'Enrojecimiento local'),
                                                       (30, 'Fatiga'),
                                                       (30, 'Cefalea'),
                                                       (30, 'Malestar general');

INSERT INTO mae_seguro_medico (id, nombre, numero_poliza, cobertura) VALUES
                                                                         (1, 'EsSalud', 'ES-2026-100000', 'Cobertura total hospitalaria'),
                                                                         (2, 'Rimac Seguros', 'RI-2026-100001', 'Cobertura ambulatoria y hospitalaria'),
                                                                         (3, 'Pacifico Seguros', 'PA-2026-100002', 'Cobertura básica ambulatoria'),
                                                                         (4, 'Mapfre Peru', 'MA-2026-100003', 'Cobertura oncológica y hospitalaria'),
                                                                         (5, 'La Positiva Seguros', 'LA-2026-100004', 'Cobertura familiar integral'),
                                                                         (6, 'Sanitas Peru', 'SA-2026-100005', 'Cobertura total hospitalaria'),
                                                                         (7, 'Sura Salud', 'SU-2026-100006', 'Cobertura ambulatoria y hospitalaria'),
                                                                         (8, 'Interseguro', 'IN-2026-100007', 'Cobertura básica ambulatoria'),
                                                                         (9, 'Protecta Security', 'PR-2026-100008', 'Cobertura oncológica y hospitalaria'),
                                                                         (10, 'Vivir Seguros', 'VI-2026-100009', 'Cobertura familiar integral'),
                                                                         (11, 'EsSalud', 'ES-2026-100010', 'Cobertura total hospitalaria'),
                                                                         (12, 'Rimac Seguros', 'RI-2026-100011', 'Cobertura ambulatoria y hospitalaria'),
                                                                         (13, 'Pacifico Seguros', 'PA-2026-100012', 'Cobertura básica ambulatoria'),
                                                                         (14, 'Mapfre Peru', 'MA-2026-100013', 'Cobertura oncológica y hospitalaria'),
                                                                         (15, 'La Positiva Seguros', 'LA-2026-100014', 'Cobertura familiar integral'),
                                                                         (16, 'Sanitas Peru', 'SA-2026-100015', 'Cobertura total hospitalaria'),
                                                                         (17, 'Sura Salud', 'SU-2026-100016', 'Cobertura ambulatoria y hospitalaria'),
                                                                         (18, 'Interseguro', 'IN-2026-100017', 'Cobertura básica ambulatoria'),
                                                                         (19, 'Protecta Security', 'PR-2026-100018', 'Cobertura oncológica y hospitalaria'),
                                                                         (20, 'Vivir Seguros', 'VI-2026-100019', 'Cobertura familiar integral'),
                                                                         (21, 'EsSalud', 'ES-2026-100020', 'Cobertura total hospitalaria'),
                                                                         (22, 'Rimac Seguros', 'RI-2026-100021', 'Cobertura ambulatoria y hospitalaria'),
                                                                         (23, 'Pacifico Seguros', 'PA-2026-100022', 'Cobertura básica ambulatoria'),
                                                                         (24, 'Mapfre Peru', 'MA-2026-100023', 'Cobertura oncológica y hospitalaria'),
                                                                         (25, 'La Positiva Seguros', 'LA-2026-100024', 'Cobertura familiar integral'),
                                                                         (26, 'Sanitas Peru', 'SA-2026-100025', 'Cobertura total hospitalaria'),
                                                                         (27, 'Sura Salud', 'SU-2026-100026', 'Cobertura ambulatoria y hospitalaria'),
                                                                         (28, 'Interseguro', 'IN-2026-100027', 'Cobertura básica ambulatoria'),
                                                                         (29, 'Protecta Security', 'PR-2026-100028', 'Cobertura oncológica y hospitalaria'),
                                                                         (30, 'Vivir Seguros', 'VI-2026-100029', 'Cobertura familiar integral');

INSERT INTO mae_usuario (id, nombre_completo, dni, fecha_nacimiento, contacto_email, contacto_telefono, contacto_telefono_alt, dir_calle, dir_numero, dir_departamento, dir_distrito, dir_provincia, dir_codigo_postal, activo) VALUES
                                                                                                                                                                                                                                    (1, 'Aaron Anca Vasquez', '70000000', '1955-01-01', 'aaron.anca0@vacunacioncard.pe', '987000000', '014500000', 'Av. Arequipa', '100', 'Dpto 200', 'Lince', 'Lima', '15000', FALSE),
                                                                                                                                                                                                                                    (2, 'Najhely Banda Sanchez', '70000001', '1956-02-02', 'najhely.banda1@vacunacioncard.pe', '987000001', NULL, 'Jr. Los Olivos', '103', NULL, 'San Isidro', 'Lima', '15001', TRUE),
                                                                                                                                                                                                                                    (3, 'Milagros Lozano Villena', '70000002', '1957-03-03', 'milagros.lozano2@vacunacioncard.pe', '987000002', NULL, 'Av. Brasil', '106', NULL, 'Magdalena', 'Lima', '15002', TRUE),
                                                                                                                                                                                                                                    (4, 'Arianne Portugal Calixtro', '70000003', '1958-04-04', 'arianne.portugal3@vacunacioncard.pe', '987000003', '014500003', 'Calle Las Begonias', '109', NULL, 'San Borja', 'Lima', '15003', TRUE),
                                                                                                                                                                                                                                    (5, 'Nicole Sandoval Aivar', '70000004', '1959-05-05', 'nicole.sandoval4@vacunacioncard.pe', '987000004', NULL, 'Av. Sucre', '112', 'Dpto 204', 'Miraflores', 'Lima', '15004', TRUE),
                                                                                                                                                                                                                                    (6, 'Carlos Ramirez Torres', '70000005', '1960-06-06', 'carlos.ramirez5@vacunacioncard.pe', '987000005', NULL, 'Jr. Cusco', '115', NULL, 'Surco', 'Lima', '15005', TRUE),
                                                                                                                                                                                                                                    (7, 'Rosa Flores Quispe', '70000006', '1961-07-07', 'rosa.flores6@vacunacioncard.pe', '987000006', '014500006', 'Av. Angamos', '118', NULL, 'La Molina', 'Lima', '15006', TRUE),
                                                                                                                                                                                                                                    (8, 'Luis Garcia Mendoza', '70000007', '1962-08-08', 'luis.garcia7@vacunacioncard.pe', '987000007', NULL, 'Calle Las Camelias', '121', NULL, 'Jesus Maria', 'Lima', '15007', TRUE),
                                                                                                                                                                                                                                    (9, 'Maria Rojas Castillo', '70000008', '1963-09-09', 'maria.rojas8@vacunacioncard.pe', '987000008', NULL, 'Av. Salaverry', '124', 'Dpto 208', 'Pueblo Libre', 'Lima', '15008', TRUE),
                                                                                                                                                                                                                                    (10, 'Jose Vargas Huaman', '70000009', '1964-10-10', 'jose.vargas9@vacunacioncard.pe', '987000009', '014500009', 'Jr. Junin', '127', NULL, 'Barranco', 'Lima', '15009', TRUE),
                                                                                                                                                                                                                                    (11, 'Ana Chavez Ibañez', '70000010', '1965-11-11', 'ana.chavez10@vacunacioncard.pe', '987000010', NULL, 'Av. Arequipa', '130', NULL, 'San Juan de Lurigancho', 'Lima', '15010', TRUE),
                                                                                                                                                                                                                                    (12, 'Pedro Salazar Rojas', '70000011', '1966-12-12', 'pedro.salazar11@vacunacioncard.pe', '987000011', NULL, 'Jr. Los Olivos', '133', NULL, 'Los Olivos', 'Lima', '15011', FALSE),
                                                                                                                                                                                                                                    (13, 'Lucia Mendez Paredes', '70000012', '1967-01-13', 'lucia.mendez12@vacunacioncard.pe', '987000012', '014500012', 'Av. Brasil', '136', 'Dpto 212', 'Comas', 'Lima', '15012', TRUE),
                                                                                                                                                                                                                                    (14, 'Diego Guerra Solis', '70000013', '1968-02-14', 'diego.guerra13@vacunacioncard.pe', '987000013', NULL, 'Calle Las Begonias', '139', NULL, 'Ate', 'Lima', '15013', TRUE),
                                                                                                                                                                                                                                    (15, 'Valeria Cardenas Ruiz', '70000014', '1969-03-15', 'valeria.cardenas14@vacunacioncard.pe', '987000014', NULL, 'Av. Sucre', '142', NULL, 'Chorrillos', 'Lima', '15014', TRUE),
                                                                                                                                                                                                                                    (16, 'Fernando Aguilar Nunez', '70000015', '1970-04-16', 'fernando.aguilar15@vacunacioncard.pe', '987000015', '014500015', 'Jr. Cusco', '145', NULL, 'Villa El Salvador', 'Lima', '15015', TRUE),
                                                                                                                                                                                                                                    (17, 'Camila Espinoza Diaz', '70000016', '1971-05-17', 'camila.espinoza16@vacunacioncard.pe', '987000016', NULL, 'Av. Angamos', '148', 'Dpto 216', 'Callao', 'Lima', '15016', TRUE),
                                                                                                                                                                                                                                    (18, 'Ricardo Delgado Reyes', '70000017', '1972-06-18', 'ricardo.delgado17@vacunacioncard.pe', '987000017', NULL, 'Calle Las Camelias', '151', NULL, 'San Miguel', 'Lima', '15017', TRUE),
                                                                                                                                                                                                                                    (19, 'Daniela Bravo Campos', '70000018', '1973-07-19', 'daniela.bravo18@vacunacioncard.pe', '987000018', '014500018', 'Av. Salaverry', '154', NULL, 'Breña', 'Lima', '15018', TRUE),
                                                                                                                                                                                                                                    (20, 'Jorge Cruz Fernandez', '70000019', '1974-08-20', 'jorge.cruz19@vacunacioncard.pe', '987000019', NULL, 'Jr. Junin', '157', NULL, 'Surquillo', 'Lima', '15019', TRUE),
                                                                                                                                                                                                                                    (21, 'Patricia Herrera Morales', '70000020', '1975-09-21', 'patricia.herrera20@vacunacioncard.pe', '987000020', NULL, 'Av. Arequipa', '160', 'Dpto 220', 'Lince', 'Lima', '15020', TRUE),
                                                                                                                                                                                                                                    (22, 'Miguel Ortiz Silva', '70000021', '1976-10-22', 'miguel.ortiz21@vacunacioncard.pe', '987000021', '014500021', 'Jr. Los Olivos', '163', NULL, 'San Isidro', 'Lima', '15021', TRUE),
                                                                                                                                                                                                                                    (23, 'Andrea Vega Palacios', '70000022', '1977-11-23', 'andrea.vega22@vacunacioncard.pe', '987000022', NULL, 'Av. Brasil', '166', NULL, 'Magdalena', 'Lima', '15022', FALSE),
                                                                                                                                                                                                                                    (24, 'Raul Rios Cabrera', '70000023', '1978-12-24', 'raul.rios23@vacunacioncard.pe', '987000023', NULL, 'Calle Las Begonias', '169', NULL, 'San Borja', 'Lima', '15023', TRUE),
                                                                                                                                                                                                                                    (25, 'Gabriela Medina Guevara', '70000024', '1979-01-25', 'gabriela.medina24@vacunacioncard.pe', '987000024', '014500024', 'Av. Sucre', '172', 'Dpto 224', 'Miraflores', 'Lima', '15024', TRUE),
                                                                                                                                                                                                                                    (26, 'Victor Peña Alvarado', '70000025', '1980-02-26', 'victor.peña25@vacunacioncard.pe', '987000025', NULL, 'Jr. Cusco', '175', NULL, 'Surco', 'Lima', '15025', TRUE),
                                                                                                                                                                                                                                    (27, 'Carmen Suarez Leon', '70000026', '1981-03-27', 'carmen.suarez26@vacunacioncard.pe', '987000026', NULL, 'Av. Angamos', '178', NULL, 'La Molina', 'Lima', '15026', TRUE),
                                                                                                                                                                                                                                    (28, 'Manuel Contreras Vega', '70000027', '1982-04-01', 'manuel.contreras27@vacunacioncard.pe', '987000027', '014500027', 'Calle Las Camelias', '181', NULL, 'Jesus Maria', 'Lima', '15027', TRUE),
                                                                                                                                                                                                                                    (29, 'Paola Paredes Bustamante', '70000028', '1983-05-02', 'paola.paredes28@vacunacioncard.pe', '987000028', NULL, 'Av. Salaverry', '184', 'Dpto 228', 'Pueblo Libre', 'Lima', '15028', TRUE),
                                                                                                                                                                                                                                    (30, 'Sergio Villanueva Rios', '70000029', '1984-06-03', 'sergio.villanueva29@vacunacioncard.pe', '987000029', NULL, 'Jr. Junin', '187', NULL, 'Barranco', 'Lima', '15029', TRUE),
                                                                                                                                                                                                                                    (31, 'Elena Anca Vasquez', '70000030', '1985-07-04', 'elena.anca30@vacunacioncard.pe', '987000030', '014500030', 'Av. Arequipa', '190', NULL, 'San Juan de Lurigancho', 'Lima', '15030', TRUE),
                                                                                                                                                                                                                                    (32, 'Alberto Banda Sanchez', '70000031', '1986-08-05', 'alberto.banda31@vacunacioncard.pe', '987000031', NULL, 'Jr. Los Olivos', '193', NULL, 'Los Olivos', 'Lima', '15031', TRUE),
                                                                                                                                                                                                                                    (33, 'Sofia Lozano Villena', '70000032', '1987-09-06', 'sofia.lozano32@vacunacioncard.pe', '987000032', NULL, 'Av. Brasil', '196', 'Dpto 232', 'Comas', 'Lima', '15032', TRUE),
                                                                                                                                                                                                                                    (34, 'Emilio Portugal Calixtro', '70000033', '1988-10-07', 'emilio.portugal33@vacunacioncard.pe', '987000033', '014500033', 'Calle Las Begonias', '199', NULL, 'Ate', 'Lima', '15033', FALSE),
                                                                                                                                                                                                                                    (35, 'Claudia Sandoval Aivar', '70000034', '1989-11-08', 'claudia.sandoval34@vacunacioncard.pe', '987000034', NULL, 'Av. Sucre', '202', NULL, 'Chorrillos', 'Lima', '15034', TRUE),
                                                                                                                                                                                                                                    (36, 'Hugo Ramirez Torres', '70000035', '1990-12-09', 'hugo.ramirez35@vacunacioncard.pe', '987000035', NULL, 'Jr. Cusco', '205', NULL, 'Villa El Salvador', 'Lima', '15035', TRUE),
                                                                                                                                                                                                                                    (37, 'Ines Flores Quispe', '70000036', '1991-01-10', 'ines.flores36@vacunacioncard.pe', '987000036', '014500036', 'Av. Angamos', '208', 'Dpto 236', 'Callao', 'Lima', '15036', TRUE),
                                                                                                                                                                                                                                    (38, 'Ivan Garcia Mendoza', '70000037', '1992-02-11', 'ivan.garcia37@vacunacioncard.pe', '987000037', NULL, 'Calle Las Camelias', '211', NULL, 'San Miguel', 'Lima', '15037', TRUE),
                                                                                                                                                                                                                                    (39, 'Rocio Rojas Castillo', '70000038', '1993-03-12', 'rocio.rojas38@vacunacioncard.pe', '987000038', NULL, 'Av. Salaverry', '214', NULL, 'Breña', 'Lima', '15038', TRUE),
                                                                                                                                                                                                                                    (40, 'Gustavo Vargas Huaman', '70000039', '1994-04-13', 'gustavo.vargas39@vacunacioncard.pe', '987000039', '014500039', 'Jr. Junin', '217', NULL, 'Surquillo', 'Lima', '15039', TRUE),
                                                                                                                                                                                                                                    (41, 'Teresa Chavez Ibañez', '70000040', '1995-05-14', 'teresa.chavez40@vacunacioncard.pe', '987000040', NULL, 'Av. Arequipa', '220', 'Dpto 240', 'Lince', 'Lima', '15040', TRUE),
                                                                                                                                                                                                                                    (42, 'Marco Salazar Rojas', '70000041', '1996-06-15', 'marco.salazar41@vacunacioncard.pe', '987000041', NULL, 'Jr. Los Olivos', '223', NULL, 'San Isidro', 'Lima', '15041', TRUE),
                                                                                                                                                                                                                                    (43, 'Silvia Mendez Paredes', '70000042', '1997-07-16', 'silvia.mendez42@vacunacioncard.pe', '987000042', '014500042', 'Av. Brasil', '226', NULL, 'Magdalena', 'Lima', '15042', TRUE),
                                                                                                                                                                                                                                    (44, 'Oscar Guerra Solis', '70000043', '1998-08-17', 'oscar.guerra43@vacunacioncard.pe', '987000043', NULL, 'Calle Las Begonias', '229', NULL, 'San Borja', 'Lima', '15043', TRUE),
                                                                                                                                                                                                                                    (45, 'Adriana Cardenas Ruiz', '70000044', '1999-09-18', 'adriana.cardenas44@vacunacioncard.pe', '987000044', NULL, 'Av. Sucre', '232', 'Dpto 244', 'Miraflores', 'Lima', '15044', FALSE),
                                                                                                                                                                                                                                    (46, 'Julio Aguilar Nunez', '70000045', '2000-10-19', 'julio.aguilar45@vacunacioncard.pe', '987000045', '014500045', 'Jr. Cusco', '235', NULL, 'Surco', 'Lima', '15045', TRUE),
                                                                                                                                                                                                                                    (47, 'Veronica Espinoza Diaz', '70000046', '2001-11-20', 'veronica.espinoza46@vacunacioncard.pe', '987000046', NULL, 'Av. Angamos', '238', NULL, 'La Molina', 'Lima', '15046', TRUE),
                                                                                                                                                                                                                                    (48, 'Cesar Delgado Reyes', '70000047', '2002-12-21', 'cesar.delgado47@vacunacioncard.pe', '987000047', NULL, 'Calle Las Camelias', '241', NULL, 'Jesus Maria', 'Lima', '15047', TRUE),
                                                                                                                                                                                                                                    (49, 'Monica Bravo Campos', '70000048', '2003-01-22', 'monica.bravo48@vacunacioncard.pe', '987000048', '014500048', 'Av. Salaverry', '244', 'Dpto 248', 'Pueblo Libre', 'Lima', '15048', TRUE),
                                                                                                                                                                                                                                    (50, 'Felipe Cruz Fernandez', '70000049', '2004-02-23', 'felipe.cruz49@vacunacioncard.pe', '987000049', NULL, 'Jr. Junin', '247', NULL, 'Barranco', 'Lima', '15049', TRUE),
                                                                                                                                                                                                                                    (51, 'Beatriz Herrera Morales', '70000050', '2005-03-24', 'beatriz.herrera50@vacunacioncard.pe', '987000050', NULL, 'Av. Arequipa', '250', NULL, 'San Juan de Lurigancho', 'Lima', '15050', TRUE),
                                                                                                                                                                                                                                    (52, 'Enrique Ortiz Silva', '70000051', '2006-04-25', 'enrique.ortiz51@vacunacioncard.pe', '987000051', '014500051', 'Jr. Los Olivos', '253', NULL, 'Los Olivos', 'Lima', '15051', TRUE),
                                                                                                                                                                                                                                    (53, 'Karen Vega Palacios', '70000052', '2007-05-26', 'karen.vega52@vacunacioncard.pe', '987000052', NULL, 'Av. Brasil', '256', 'Dpto 252', 'Comas', 'Lima', '15052', TRUE),
                                                                                                                                                                                                                                    (54, 'Alfredo Rios Cabrera', '70000053', '2008-06-27', 'alfredo.rios53@vacunacioncard.pe', '987000053', NULL, 'Calle Las Begonias', '259', NULL, 'Ate', 'Lima', '15053', TRUE),
                                                                                                                                                                                                                                    (55, 'Yolanda Medina Guevara', '70000054', '2009-07-01', 'yolanda.medina54@vacunacioncard.pe', '987000054', '014500054', 'Av. Sucre', '262', NULL, 'Chorrillos', 'Lima', '15054', TRUE),
                                                                                                                                                                                                                                    (56, 'Ruben Peña Alvarado', '70000055', '1955-08-02', 'ruben.peña55@vacunacioncard.pe', '987000055', NULL, 'Jr. Cusco', '265', NULL, 'Villa El Salvador', 'Lima', '15055', FALSE),
                                                                                                                                                                                                                                    (57, 'Gladys Suarez Leon', '70000056', '1956-09-03', 'gladys.suarez56@vacunacioncard.pe', '987000056', NULL, 'Av. Angamos', '268', 'Dpto 256', 'Callao', 'Lima', '15056', TRUE),
                                                                                                                                                                                                                                    (58, 'Nestor Contreras Vega', '70000057', '1957-10-04', 'nestor.contreras57@vacunacioncard.pe', '987000057', '014500057', 'Calle Las Camelias', '271', NULL, 'San Miguel', 'Lima', '15057', TRUE),
                                                                                                                                                                                                                                    (59, 'Cynthia Paredes Bustamante', '70000058', '1958-11-05', 'cynthia.paredes58@vacunacioncard.pe', '987000058', NULL, 'Av. Salaverry', '274', NULL, 'Breña', 'Lima', '15058', TRUE),
                                                                                                                                                                                                                                    (60, 'Walter Villanueva Rios', '70000059', '1959-12-06', 'walter.villanueva59@vacunacioncard.pe', '987000059', NULL, 'Jr. Junin', '277', NULL, 'Surquillo', 'Lima', '15059', TRUE),
                                                                                                                                                                                                                                    (61, 'Liliana Anca Vasquez', '70000060', '1960-01-07', 'liliana.anca60@vacunacioncard.pe', '987000060', '014500060', 'Av. Arequipa', '280', 'Dpto 260', 'Lince', 'Lima', '15060', TRUE),
                                                                                                                                                                                                                                    (62, 'Hector Banda Sanchez', '70000061', '1961-02-08', 'hector.banda61@vacunacioncard.pe', '987000061', NULL, 'Jr. Los Olivos', '283', NULL, 'San Isidro', 'Lima', '15061', TRUE),
                                                                                                                                                                                                                                    (63, 'Susana Lozano Villena', '70000062', '1962-03-09', 'susana.lozano62@vacunacioncard.pe', '987000062', NULL, 'Av. Brasil', '286', NULL, 'Magdalena', 'Lima', '15062', TRUE),
                                                                                                                                                                                                                                    (64, 'Alonso Portugal Calixtro', '70000063', '1963-04-10', 'alonso.portugal63@vacunacioncard.pe', '987000063', '014500063', 'Calle Las Begonias', '289', NULL, 'San Borja', 'Lima', '15063', TRUE),
                                                                                                                                                                                                                                    (65, 'Fiorella Sandoval Aivar', '70000064', '1964-05-11', 'fiorella.sandoval64@vacunacioncard.pe', '987000064', NULL, 'Av. Sucre', '292', 'Dpto 264', 'Miraflores', 'Lima', '15064', TRUE),
                                                                                                                                                                                                                                    (66, 'Renzo Ramirez Torres', '70000065', '1965-06-12', 'renzo.ramirez65@vacunacioncard.pe', '987000065', NULL, 'Jr. Cusco', '295', NULL, 'Surco', 'Lima', '15065', TRUE),
                                                                                                                                                                                                                                    (67, 'Katherine Flores Quispe', '70000066', '1966-07-13', 'katherine.flores66@vacunacioncard.pe', '987000066', '014500066', 'Av. Angamos', '298', NULL, 'La Molina', 'Lima', '15066', FALSE),
                                                                                                                                                                                                                                    (68, 'Bruno Garcia Mendoza', '70000067', '1967-08-14', 'bruno.garcia67@vacunacioncard.pe', '987000067', NULL, 'Calle Las Camelias', '301', NULL, 'Jesus Maria', 'Lima', '15067', TRUE),
                                                                                                                                                                                                                                    (69, 'Alejandra Rojas Castillo', '70000068', '1968-09-15', 'alejandra.rojas68@vacunacioncard.pe', '987000068', NULL, 'Av. Salaverry', '304', 'Dpto 268', 'Pueblo Libre', 'Lima', '15068', TRUE),
                                                                                                                                                                                                                                    (70, 'Martin Vargas Huaman', '70000069', '1969-10-16', 'martin.vargas69@vacunacioncard.pe', '987000069', '014500069', 'Jr. Junin', '307', NULL, 'Barranco', 'Lima', '15069', TRUE),
                                                                                                                                                                                                                                    (71, 'Vanessa Chavez Ibañez', '70000070', '1970-11-17', 'vanessa.chavez70@vacunacioncard.pe', '987000070', NULL, 'Av. Arequipa', '310', NULL, 'San Juan de Lurigancho', 'Lima', '15070', TRUE),
                                                                                                                                                                                                                                    (72, 'Rodrigo Salazar Rojas', '70000071', '1971-12-18', 'rodrigo.salazar71@vacunacioncard.pe', '987000071', NULL, 'Jr. Los Olivos', '313', NULL, 'Los Olivos', 'Lima', '15071', TRUE),
                                                                                                                                                                                                                                    (73, 'Ximena Mendez Paredes', '70000072', '1972-01-19', 'ximena.mendez72@vacunacioncard.pe', '987000072', '014500072', 'Av. Brasil', '316', 'Dpto 272', 'Comas', 'Lima', '15072', TRUE),
                                                                                                                                                                                                                                    (74, 'Gonzalo Guerra Solis', '70000073', '1973-02-20', 'gonzalo.guerra73@vacunacioncard.pe', '987000073', NULL, 'Calle Las Begonias', '319', NULL, 'Ate', 'Lima', '15073', TRUE),
                                                                                                                                                                                                                                    (75, 'Melissa Cardenas Ruiz', '70000074', '1974-03-21', 'melissa.cardenas74@vacunacioncard.pe', '987000074', NULL, 'Av. Sucre', '322', NULL, 'Chorrillos', 'Lima', '15074', TRUE),
                                                                                                                                                                                                                                    (76, 'Ignacio Aguilar Nunez', '70000075', '1975-04-22', 'ignacio.aguilar75@vacunacioncard.pe', '987000075', '014500075', 'Jr. Cusco', '325', NULL, 'Villa El Salvador', 'Lima', '15075', TRUE),
                                                                                                                                                                                                                                    (77, 'Estefania Espinoza Diaz', '70000076', '1976-05-23', 'estefania.espinoza76@vacunacioncard.pe', '987000076', NULL, 'Av. Angamos', '328', 'Dpto 276', 'Callao', 'Lima', '15076', TRUE),
                                                                                                                                                                                                                                    (78, 'Tomas Delgado Reyes', '70000077', '1977-06-24', 'tomas.delgado77@vacunacioncard.pe', '987000077', NULL, 'Calle Las Camelias', '331', NULL, 'San Miguel', 'Lima', '15077', FALSE),
                                                                                                                                                                                                                                    (79, 'Carla Bravo Campos', '70000078', '1978-07-25', 'carla.bravo78@vacunacioncard.pe', '987000078', '014500078', 'Av. Salaverry', '334', NULL, 'Breña', 'Lima', '15078', TRUE),
                                                                                                                                                                                                                                    (80, 'Franco Cruz Fernandez', '70000079', '1979-08-26', 'franco.cruz79@vacunacioncard.pe', '987000079', NULL, 'Jr. Junin', '337', NULL, 'Surquillo', 'Lima', '15079', TRUE),
                                                                                                                                                                                                                                    (81, 'Ariana Herrera Morales', '70000080', '1980-09-27', 'ariana.herrera80@vacunacioncard.pe', '987000080', NULL, 'Av. Arequipa', '340', 'Dpto 280', 'Lince', 'Lima', '15080', TRUE),
                                                                                                                                                                                                                                    (82, 'Nicolas Ortiz Silva', '70000081', '1981-10-01', 'nicolas.ortiz81@vacunacioncard.pe', '987000081', '014500081', 'Jr. Los Olivos', '343', NULL, 'San Isidro', 'Lima', '15081', TRUE),
                                                                                                                                                                                                                                    (83, 'Brenda Vega Palacios', '70000082', '1982-11-02', 'brenda.vega82@vacunacioncard.pe', '987000082', NULL, 'Av. Brasil', '346', NULL, 'Magdalena', 'Lima', '15082', TRUE),
                                                                                                                                                                                                                                    (84, 'Joaquin Rios Cabrera', '70000083', '1983-12-03', 'joaquin.rios83@vacunacioncard.pe', '987000083', NULL, 'Calle Las Begonias', '349', NULL, 'San Borja', 'Lima', '15083', TRUE),
                                                                                                                                                                                                                                    (85, 'Michelle Medina Guevara', '70000084', '1984-01-04', 'michelle.medina84@vacunacioncard.pe', '987000084', '014500084', 'Av. Sucre', '352', 'Dpto 284', 'Miraflores', 'Lima', '15084', TRUE),
                                                                                                                                                                                                                                    (86, 'Sebastian Peña Alvarado', '70000085', '1985-02-05', 'sebastian.peña85@vacunacioncard.pe', '987000085', NULL, 'Jr. Cusco', '355', NULL, 'Surco', 'Lima', '15085', TRUE),
                                                                                                                                                                                                                                    (87, 'Antonella Suarez Leon', '70000086', '1986-03-06', 'antonella.suarez86@vacunacioncard.pe', '987000086', NULL, 'Av. Angamos', '358', NULL, 'La Molina', 'Lima', '15086', TRUE),
                                                                                                                                                                                                                                    (88, 'Mateo Contreras Vega', '70000087', '1987-04-07', 'mateo.contreras87@vacunacioncard.pe', '987000087', '014500087', 'Calle Las Camelias', '361', NULL, 'Jesus Maria', 'Lima', '15087', TRUE),
                                                                                                                                                                                                                                    (89, 'Valentina Paredes Bustamante', '70000088', '1988-05-08', 'valentina.paredes88@vacunacioncard.pe', '987000088', NULL, 'Av. Salaverry', '364', 'Dpto 288', 'Pueblo Libre', 'Lima', '15088', FALSE),
                                                                                                                                                                                                                                    (90, 'Emiliano Villanueva Rios', '70000089', '1989-06-09', 'emiliano.villanueva89@vacunacioncard.pe', '987000089', NULL, 'Jr. Junin', '367', NULL, 'Barranco', 'Lima', '15089', TRUE);

INSERT INTO mae_administrador (id, nivel_acceso, area) VALUES
                                                           (1, 'PARCIAL', 'Sistemas'),
                                                           (2, 'TOTAL', 'Recursos Humanos'),
                                                           (3, 'TOTAL', 'Logistica'),
                                                           (4, 'TOTAL', 'Finanzas'),
                                                           (5, 'TOTAL', 'Calidad'),
                                                           (6, 'PARCIAL', 'Comunicaciones'),
                                                           (7, 'TOTAL', 'Epidemiologia'),
                                                           (8, 'TOTAL', 'Estadistica'),
                                                           (9, 'TOTAL', 'Legal'),
                                                           (10, 'TOTAL', 'Auditoria'),
                                                           (11, 'PARCIAL', 'Sistemas'),
                                                           (12, 'TOTAL', 'Recursos Humanos'),
                                                           (13, 'TOTAL', 'Logistica'),
                                                           (14, 'TOTAL', 'Finanzas'),
                                                           (15, 'TOTAL', 'Calidad'),
                                                           (16, 'PARCIAL', 'Comunicaciones'),
                                                           (17, 'TOTAL', 'Epidemiologia'),
                                                           (18, 'TOTAL', 'Estadistica'),
                                                           (19, 'TOTAL', 'Legal'),
                                                           (20, 'TOTAL', 'Auditoria'),
                                                           (21, 'PARCIAL', 'Sistemas'),
                                                           (22, 'TOTAL', 'Recursos Humanos'),
                                                           (23, 'TOTAL', 'Logistica'),
                                                           (24, 'TOTAL', 'Finanzas'),
                                                           (25, 'TOTAL', 'Calidad'),
                                                           (26, 'PARCIAL', 'Comunicaciones'),
                                                           (27, 'TOTAL', 'Epidemiologia'),
                                                           (28, 'TOTAL', 'Estadistica'),
                                                           (29, 'TOTAL', 'Legal'),
                                                           (30, 'TOTAL', 'Auditoria');

INSERT INTO mae_enfermero (id, colegiatura, especialidad, centro_trabajo) VALUES
                                                                              (31, 'CEP-45000', 'Enfermeria en Inmunizacion', 'Centro de Salud San Juan'),
                                                                              (32, 'CEP-45001', 'Enfermeria Pediatrica', 'Posta Medica Magdalena'),
                                                                              (33, 'CEP-45002', 'Enfermeria General', 'Hospital Nacional Dos de Mayo'),
                                                                              (34, 'CEP-45003', 'Enfermeria Comunitaria', 'Centro de Salud Comas'),
                                                                              (35, 'CEP-45004', 'Enfermeria Geriatrica', 'Policlinico Surco'),
                                                                              (36, 'CEP-45005', 'Enfermeria de Urgencias', 'Centro de Salud Callao'),
                                                                              (37, 'CEP-45006', 'Enfermeria en Inmunizacion', 'Centro de Salud San Juan'),
                                                                              (38, 'CEP-45007', 'Enfermeria Pediatrica', 'Posta Medica Magdalena'),
                                                                              (39, 'CEP-45008', 'Enfermeria General', 'Hospital Nacional Dos de Mayo'),
                                                                              (40, 'CEP-45009', 'Enfermeria Comunitaria', 'Centro de Salud Comas'),
                                                                              (41, 'CEP-45010', 'Enfermeria Geriatrica', 'Policlinico Surco'),
                                                                              (42, 'CEP-45011', 'Enfermeria de Urgencias', 'Centro de Salud Callao'),
                                                                              (43, 'CEP-45012', 'Enfermeria en Inmunizacion', 'Centro de Salud San Juan'),
                                                                              (44, 'CEP-45013', 'Enfermeria Pediatrica', 'Posta Medica Magdalena'),
                                                                              (45, 'CEP-45014', 'Enfermeria General', 'Hospital Nacional Dos de Mayo'),
                                                                              (46, 'CEP-45015', 'Enfermeria Comunitaria', 'Centro de Salud Comas'),
                                                                              (47, 'CEP-45016', 'Enfermeria Geriatrica', 'Policlinico Surco'),
                                                                              (48, 'CEP-45017', 'Enfermeria de Urgencias', 'Centro de Salud Callao'),
                                                                              (49, 'CEP-45018', 'Enfermeria en Inmunizacion', 'Centro de Salud San Juan'),
                                                                              (50, 'CEP-45019', 'Enfermeria Pediatrica', 'Posta Medica Magdalena'),
                                                                              (51, 'CEP-45020', 'Enfermeria General', 'Hospital Nacional Dos de Mayo'),
                                                                              (52, 'CEP-45021', 'Enfermeria Comunitaria', 'Centro de Salud Comas'),
                                                                              (53, 'CEP-45022', 'Enfermeria Geriatrica', 'Policlinico Surco'),
                                                                              (54, 'CEP-45023', 'Enfermeria de Urgencias', 'Centro de Salud Callao'),
                                                                              (55, 'CEP-45024', 'Enfermeria en Inmunizacion', 'Centro de Salud San Juan'),
                                                                              (56, 'CEP-45025', 'Enfermeria Pediatrica', 'Posta Medica Magdalena'),
                                                                              (57, 'CEP-45026', 'Enfermeria General', 'Hospital Nacional Dos de Mayo'),
                                                                              (58, 'CEP-45027', 'Enfermeria Comunitaria', 'Centro de Salud Comas'),
                                                                              (59, 'CEP-45028', 'Enfermeria Geriatrica', 'Policlinico Surco'),
                                                                              (60, 'CEP-45029', 'Enfermeria de Urgencias', 'Centro de Salud Callao');

INSERT INTO mae_paciente (id, historia_clinica_id, grupo_sanguineo, seguro_medico_id, contacto_emergencia) VALUES
                                                                                                               (61, 'HC-2026-1000', 'O+', 1, 'Familiar: Luis Portugal Calixtro - 987500000'),
                                                                                                               (62, 'HC-2026-1001', 'O-', 2, 'Familiar: Maria Sandoval Aivar - 987500001'),
                                                                                                               (63, 'HC-2026-1002', 'A+', 3, 'Familiar: Jose Ramirez Torres - 987500002'),
                                                                                                               (64, 'HC-2026-1003', 'A-', 4, 'Familiar: Ana Flores Quispe - 987500003'),
                                                                                                               (65, 'HC-2026-1004', 'B+', 5, 'Familiar: Pedro Garcia Mendoza - 987500004'),
                                                                                                               (66, 'HC-2026-1005', 'B-', 6, 'Familiar: Lucia Rojas Castillo - 987500005'),
                                                                                                               (67, 'HC-2026-1006', 'AB+', 7, 'Familiar: Diego Vargas Huaman - 987500006'),
                                                                                                               (68, 'HC-2026-1007', 'AB-', 8, 'Familiar: Valeria Chavez Ibañez - 987500007'),
                                                                                                               (69, 'HC-2026-1008', 'O+', 9, 'Familiar: Fernando Salazar Rojas - 987500008'),
                                                                                                               (70, 'HC-2026-1009', 'O-', 10, 'Familiar: Camila Mendez Paredes - 987500009'),
                                                                                                               (71, 'HC-2026-1010', 'A+', 11, 'Familiar: Ricardo Guerra Solis - 987500010'),
                                                                                                               (72, 'HC-2026-1011', 'A-', 12, 'Familiar: Daniela Cardenas Ruiz - 987500011'),
                                                                                                               (73, 'HC-2026-1012', 'B+', 13, 'Familiar: Jorge Aguilar Nunez - 987500012'),
                                                                                                               (74, 'HC-2026-1013', 'B-', 14, 'Familiar: Patricia Espinoza Diaz - 987500013'),
                                                                                                               (75, 'HC-2026-1014', 'AB+', 15, 'Familiar: Miguel Delgado Reyes - 987500014'),
                                                                                                               (76, 'HC-2026-1015', 'AB-', 16, 'Familiar: Andrea Bravo Campos - 987500015'),
                                                                                                               (77, 'HC-2026-1016', 'O+', 17, 'Familiar: Raul Cruz Fernandez - 987500016'),
                                                                                                               (78, 'HC-2026-1017', 'O-', 18, 'Familiar: Gabriela Herrera Morales - 987500017'),
                                                                                                               (79, 'HC-2026-1018', 'A+', 19, 'Familiar: Victor Ortiz Silva - 987500018'),
                                                                                                               (80, 'HC-2026-1019', 'A-', 20, 'Familiar: Carmen Vega Palacios - 987500019'),
                                                                                                               (81, 'HC-2026-1020', 'B+', 21, 'Familiar: Manuel Rios Cabrera - 987500020'),
                                                                                                               (82, 'HC-2026-1021', 'B-', 22, 'Familiar: Paola Medina Guevara - 987500021'),
                                                                                                               (83, 'HC-2026-1022', 'AB+', 23, 'Familiar: Sergio Peña Alvarado - 987500022'),
                                                                                                               (84, 'HC-2026-1023', 'AB-', 24, 'Familiar: Elena Suarez Leon - 987500023'),
                                                                                                               (85, 'HC-2026-1024', 'O+', 25, 'Familiar: Alberto Contreras Vega - 987500024'),
                                                                                                               (86, 'HC-2026-1025', 'O-', 26, 'Familiar: Sofia Paredes Bustamante - 987500025'),
                                                                                                               (87, 'HC-2026-1026', 'A+', 27, 'Familiar: Emilio Villanueva Rios - 987500026'),
                                                                                                               (88, 'HC-2026-1027', 'A-', 28, 'Familiar: Claudia Anca Vasquez - 987500027'),
                                                                                                               (89, 'HC-2026-1028', 'B+', 29, 'Familiar: Hugo Banda Sanchez - 987500028'),
                                                                                                               (90, 'HC-2026-1029', 'B-', 30, 'Familiar: Ines Lozano Villena - 987500029');

INSERT INTO mae_alergia (nombre, tipo, severidad, sintomas, tratamiento_recomendado, paciente_id) VALUES
                                                                                                      ('Penicilina', 'Medicamentosa', 'ALTA', 'Urticaria, dificultad respiratoria', 'Evitar antibioticos betalactamicos', 61),
                                                                                                      ('Polen', 'Ambiental', 'BAJA', 'Estornudos, congestion nasal', 'Antihistaminico si es necesario', 62),
                                                                                                      ('Latex', 'Contacto', 'MEDIA', 'Enrojecimiento e hinchazon en zona de contacto', 'Usar materiales libres de latex', 63),
                                                                                                      ('Huevo', 'Alimentaria', 'MEDIA', 'Nauseas, erupcion cutanea', 'Evitar vacunas con trazas de huevo', 64),
                                                                                                      ('Mariscos', 'Alimentaria', 'ALTA', 'Anafilaxia', 'Tener epinefrina disponible', 65),
                                                                                                      ('Acaros del polvo', 'Ambiental', 'BAJA', 'Rinitis alergica', 'Control ambiental', 66),
                                                                                                      ('Sulfamidas', 'Medicamentosa', 'MEDIA', 'Erupcion cutanea', 'Evitar antibioticos con sulfa', 67),
                                                                                                      ('Aspirina', 'Medicamentosa', 'MEDIA', 'Broncoespasmo', 'Usar analgesicos alternativos', 68),
                                                                                                      ('Polvo de laboratorio', 'Ocupacional', 'BAJA', 'Tos leve', 'Uso de mascarilla', 69),
                                                                                                      ('Ninguna conocida', 'N/A', 'BAJA', 'Sin sintomas reportados', 'No requiere tratamiento', 70),
                                                                                                      ('Penicilina', 'Medicamentosa', 'ALTA', 'Urticaria, dificultad respiratoria', 'Evitar antibioticos betalactamicos', 71),
                                                                                                      ('Polen', 'Ambiental', 'BAJA', 'Estornudos, congestion nasal', 'Antihistaminico si es necesario', 72),
                                                                                                      ('Latex', 'Contacto', 'MEDIA', 'Enrojecimiento e hinchazon en zona de contacto', 'Usar materiales libres de latex', 73),
                                                                                                      ('Huevo', 'Alimentaria', 'MEDIA', 'Nauseas, erupcion cutanea', 'Evitar vacunas con trazas de huevo', 74),
                                                                                                      ('Mariscos', 'Alimentaria', 'ALTA', 'Anafilaxia', 'Tener epinefrina disponible', 75),
                                                                                                      ('Acaros del polvo', 'Ambiental', 'BAJA', 'Rinitis alergica', 'Control ambiental', 76),
                                                                                                      ('Sulfamidas', 'Medicamentosa', 'MEDIA', 'Erupcion cutanea', 'Evitar antibioticos con sulfa', 77),
                                                                                                      ('Aspirina', 'Medicamentosa', 'MEDIA', 'Broncoespasmo', 'Usar analgesicos alternativos', 78),
                                                                                                      ('Polvo de laboratorio', 'Ocupacional', 'BAJA', 'Tos leve', 'Uso de mascarilla', 79),
                                                                                                      ('Ninguna conocida', 'N/A', 'BAJA', 'Sin sintomas reportados', 'No requiere tratamiento', 80),
                                                                                                      ('Penicilina', 'Medicamentosa', 'ALTA', 'Urticaria, dificultad respiratoria', 'Evitar antibioticos betalactamicos', 81),
                                                                                                      ('Polen', 'Ambiental', 'BAJA', 'Estornudos, congestion nasal', 'Antihistaminico si es necesario', 82),
                                                                                                      ('Latex', 'Contacto', 'MEDIA', 'Enrojecimiento e hinchazon en zona de contacto', 'Usar materiales libres de latex', 83),
                                                                                                      ('Huevo', 'Alimentaria', 'MEDIA', 'Nauseas, erupcion cutanea', 'Evitar vacunas con trazas de huevo', 84),
                                                                                                      ('Mariscos', 'Alimentaria', 'ALTA', 'Anafilaxia', 'Tener epinefrina disponible', 85),
                                                                                                      ('Acaros del polvo', 'Ambiental', 'BAJA', 'Rinitis alergica', 'Control ambiental', 86),
                                                                                                      ('Sulfamidas', 'Medicamentosa', 'MEDIA', 'Erupcion cutanea', 'Evitar antibioticos con sulfa', 87),
                                                                                                      ('Aspirina', 'Medicamentosa', 'MEDIA', 'Broncoespasmo', 'Usar analgesicos alternativos', 88),
                                                                                                      ('Polvo de laboratorio', 'Ocupacional', 'BAJA', 'Tos leve', 'Uso de mascarilla', 89),
                                                                                                      ('Ninguna conocida', 'N/A', 'BAJA', 'Sin sintomas reportados', 'No requiere tratamiento', 90);

INSERT INTO mae_condicion_medica (nombre, codigo_cie10, descripcion, tratamiento, activa, paciente_id) VALUES
                                                                                                           ('Asma bronquial', 'J45', 'Asma leve intermitente', 'Salbutamol de rescate', TRUE, 61),
                                                                                                           ('Hipotiroidismo', 'E03', 'Hipotiroidismo subclinico controlado', 'Levotiroxina 50mcg/dia', TRUE, 62),
                                                                                                           ('Hipertension arterial', 'I10', 'Hipertension esencial controlada', 'Losartan 50mg/dia', TRUE, 63),
                                                                                                           ('Diabetes tipo 2', 'E11', 'Diabetes mellitus no insulinodependiente', 'Metformina 850mg/dia', TRUE, 64),
                                                                                                           ('Rinitis alergica', 'J30', 'Rinitis alergica estacional', 'Loratadina segun necesidad', TRUE, 65),
                                                                                                           ('Migraña cronica', 'G43', 'Migraña sin aura', 'Ibuprofeno en crisis', FALSE, 66),
                                                                                                           ('Anemia leve', 'D50', 'Anemia ferropenica leve', 'Suplemento de hierro', TRUE, 67),
                                                                                                           ('Artritis reumatoide', 'M06', 'Artritis reumatoide en remision', 'Metotrexato semanal', TRUE, 68),
                                                                                                           ('Gastritis cronica', 'K29', 'Gastritis cronica leve', 'Omeprazol 20mg/dia', TRUE, 69),
                                                                                                           ('Sin condiciones registradas', 'Z00', 'Paciente sano', 'No aplica', TRUE, 70),
                                                                                                           ('Asma bronquial', 'J45', 'Asma leve intermitente', 'Salbutamol de rescate', TRUE, 71),
                                                                                                           ('Hipotiroidismo', 'E03', 'Hipotiroidismo subclinico controlado', 'Levotiroxina 50mcg/dia', FALSE, 72),
                                                                                                           ('Hipertension arterial', 'I10', 'Hipertension esencial controlada', 'Losartan 50mg/dia', TRUE, 73),
                                                                                                           ('Diabetes tipo 2', 'E11', 'Diabetes mellitus no insulinodependiente', 'Metformina 850mg/dia', TRUE, 74),
                                                                                                           ('Rinitis alergica', 'J30', 'Rinitis alergica estacional', 'Loratadina segun necesidad', TRUE, 75),
                                                                                                           ('Migraña cronica', 'G43', 'Migraña sin aura', 'Ibuprofeno en crisis', TRUE, 76),
                                                                                                           ('Anemia leve', 'D50', 'Anemia ferropenica leve', 'Suplemento de hierro', TRUE, 77),
                                                                                                           ('Artritis reumatoide', 'M06', 'Artritis reumatoide en remision', 'Metotrexato semanal', FALSE, 78),
                                                                                                           ('Gastritis cronica', 'K29', 'Gastritis cronica leve', 'Omeprazol 20mg/dia', TRUE, 79),
                                                                                                           ('Sin condiciones registradas', 'Z00', 'Paciente sano', 'No aplica', TRUE, 80),
                                                                                                           ('Asma bronquial', 'J45', 'Asma leve intermitente', 'Salbutamol de rescate', TRUE, 81),
                                                                                                           ('Hipotiroidismo', 'E03', 'Hipotiroidismo subclinico controlado', 'Levotiroxina 50mcg/dia', TRUE, 82),
                                                                                                           ('Hipertension arterial', 'I10', 'Hipertension esencial controlada', 'Losartan 50mg/dia', TRUE, 83),
                                                                                                           ('Diabetes tipo 2', 'E11', 'Diabetes mellitus no insulinodependiente', 'Metformina 850mg/dia', FALSE, 84),
                                                                                                           ('Rinitis alergica', 'J30', 'Rinitis alergica estacional', 'Loratadina segun necesidad', TRUE, 85),
                                                                                                           ('Migraña cronica', 'G43', 'Migraña sin aura', 'Ibuprofeno en crisis', TRUE, 86),
                                                                                                           ('Anemia leve', 'D50', 'Anemia ferropenica leve', 'Suplemento de hierro', TRUE, 87),
                                                                                                           ('Artritis reumatoide', 'M06', 'Artritis reumatoide en remision', 'Metotrexato semanal', TRUE, 88),
                                                                                                           ('Gastritis cronica', 'K29', 'Gastritis cronica leve', 'Omeprazol 20mg/dia', TRUE, 89),
                                                                                                           ('Sin condiciones registradas', 'Z00', 'Paciente sano', 'No aplica', FALSE, 90);

INSERT INTO mae_contraindicacion (descripcion, severidad, condicion_asociada, paciente_id, vacuna_afectada_id) VALUES
                                                                                                                   ('Reaccion adversa registrada en dosis previa de COVID-19 Comirnaty', 'ALTA', 'Penicilina', 61, 1),
                                                                                                                   ('Reaccion adversa registrada en dosis previa de COVID-19 Spikevax', 'MEDIA', 'Polen', 62, 2),
                                                                                                                   ('Reaccion adversa registrada en dosis previa de COVID-19 Vaxzevria', 'BAJA', 'Latex', 63, 3),
                                                                                                                   ('Reaccion adversa registrada en dosis previa de COVID-19 Ad26.COV2.S', 'ALTA', 'Huevo', 64, 4),
                                                                                                                   ('Reaccion adversa registrada en dosis previa de COVID-19 Sinopharm BBIBP-CorV', 'MEDIA', 'Mariscos', 65, 5),
                                                                                                                   ('Reaccion adversa registrada en dosis previa de CoronaVac', 'BAJA', 'Acaros del polvo', 66, 6),
                                                                                                                   ('Reaccion adversa registrada en dosis previa de Covaxin', 'ALTA', 'Sulfamidas', 67, 7),
                                                                                                                   ('Reaccion adversa registrada en dosis previa de Influenza Estacional Trivalente', 'MEDIA', 'Aspirina', 68, 8),
                                                                                                                   ('Reaccion adversa registrada en dosis previa de Influenza Estacional Tetravalente', 'BAJA', 'Polvo de laboratorio', 69, 9),
                                                                                                                   ('Reaccion adversa registrada en dosis previa de Hepatitis B', 'ALTA', 'Ninguna conocida', 70, 10),
                                                                                                                   ('Reaccion adversa registrada en dosis previa de Hepatitis A', 'MEDIA', 'Penicilina', 71, 11),
                                                                                                                   ('Reaccion adversa registrada en dosis previa de Triple Viral (SPR)', 'BAJA', 'Polen', 72, 12),
                                                                                                                   ('Reaccion adversa registrada en dosis previa de DTP (Difteria, Tétanos, Pertussis)', 'ALTA', 'Latex', 73, 13),
                                                                                                                   ('Reaccion adversa registrada en dosis previa de Antitetánica', 'MEDIA', 'Huevo', 74, 14),
                                                                                                                   ('Reaccion adversa registrada en dosis previa de BCG (Tuberculosis)', 'BAJA', 'Mariscos', 75, 15),
                                                                                                                   ('Reaccion adversa registrada en dosis previa de Antipolio (IPV)', 'ALTA', 'Acaros del polvo', 76, 16),
                                                                                                                   ('Reaccion adversa registrada en dosis previa de Antipolio Oral (OPV)', 'MEDIA', 'Sulfamidas', 77, 17),
                                                                                                                   ('Reaccion adversa registrada en dosis previa de Vacuna contra el VPH', 'BAJA', 'Aspirina', 78, 18),
                                                                                                                   ('Reaccion adversa registrada en dosis previa de Antineumocócica Conjugada', 'ALTA', 'Polvo de laboratorio', 79, 19),
                                                                                                                   ('Reaccion adversa registrada en dosis previa de Antimeningocócica', 'MEDIA', 'Ninguna conocida', 80, 20),
                                                                                                                   ('Reaccion adversa registrada en dosis previa de Antirrábica', 'BAJA', 'Penicilina', 81, 21),
                                                                                                                   ('Reaccion adversa registrada en dosis previa de Fiebre Amarilla', 'ALTA', 'Polen', 82, 22),
                                                                                                                   ('Reaccion adversa registrada en dosis previa de Antitifoidea', 'MEDIA', 'Latex', 83, 23),
                                                                                                                   ('Reaccion adversa registrada en dosis previa de Antivaricela', 'BAJA', 'Huevo', 84, 24),
                                                                                                                   ('Reaccion adversa registrada en dosis previa de Herpes Zóster (Shingrix)', 'ALTA', 'Mariscos', 85, 25),
                                                                                                                   ('Reaccion adversa registrada en dosis previa de Antirrotavirus', 'MEDIA', 'Acaros del polvo', 86, 26),
                                                                                                                   ('Reaccion adversa registrada en dosis previa de Anti-Haemophilus influenzae b (Hib)', 'BAJA', 'Sulfamidas', 87, 27),
                                                                                                                   ('Reaccion adversa registrada en dosis previa de Antidengue (Qdenga)', 'ALTA', 'Aspirina', 88, 28),
                                                                                                                   ('Reaccion adversa registrada en dosis previa de RSV (Virus Sincitial Respiratorio)', 'MEDIA', 'Polvo de laboratorio', 89, 29),
                                                                                                                   ('Reaccion adversa registrada en dosis previa de Mpox (Viruela del Mono)', 'BAJA', 'Ninguna conocida', 90, 30);

INSERT INTO mae_cuenta_usuario (id, username, password_hash, usuario_id, rol_id, cuenta_activa, bloqueada, fecha_creacion, ultimo_acceso, intentos_fallidos) VALUES
                                                                                                                                                                 (1, 'admin1.anca', '$2a$10$hashSimuladoAdmin0010000000000000000000000000', 1, 1, TRUE, FALSE, '2026-01-05 08:00:00', '2026-07-10 09:00:00', 0),
                                                                                                                                                                 (2, 'admin2.banda', '$2a$10$hashSimuladoAdmin0020000000000000000000000000', 2, 1, TRUE, FALSE, '2026-01-06 08:00:00', '2026-07-10 10:00:00', 0),
                                                                                                                                                                 (3, 'admin3.lozano', '$2a$10$hashSimuladoAdmin0030000000000000000000000000', 3, 1, TRUE, FALSE, '2026-01-07 08:00:00', '2026-07-10 11:00:00', 0),
                                                                                                                                                                 (4, 'admin4.portugal', '$2a$10$hashSimuladoAdmin0040000000000000000000000000', 4, 1, TRUE, FALSE, '2026-01-08 08:00:00', '2026-07-10 12:00:00', 0),
                                                                                                                                                                 (5, 'admin5.sandoval', '$2a$10$hashSimuladoAdmin0050000000000000000000000000', 5, 1, TRUE, FALSE, '2026-01-09 08:00:00', '2026-07-10 13:00:00', 0),
                                                                                                                                                                 (6, 'admin6.ramirez', '$2a$10$hashSimuladoAdmin0060000000000000000000000000', 6, 1, TRUE, FALSE, '2026-01-10 08:00:00', '2026-07-10 14:00:00', 0),
                                                                                                                                                                 (7, 'admin7.flores', '$2a$10$hashSimuladoAdmin0070000000000000000000000000', 7, 1, TRUE, FALSE, '2026-01-11 08:00:00', '2026-07-10 15:00:00', 0),
                                                                                                                                                                 (8, 'admin8.garcia', '$2a$10$hashSimuladoAdmin0080000000000000000000000000', 8, 1, TRUE, FALSE, '2026-01-12 08:00:00', '2026-07-10 16:00:00', 0),
                                                                                                                                                                 (9, 'admin9.rojas', '$2a$10$hashSimuladoAdmin0090000000000000000000000000', 9, 1, TRUE, FALSE, '2026-01-13 08:00:00', '2026-07-10 17:00:00', 0),
                                                                                                                                                                 (10, 'admin10.vargas', '$2a$10$hashSimuladoAdmin0100000000000000000000000000', 10, 1, TRUE, FALSE, '2026-01-14 08:00:00', '2026-07-10 18:00:00', 0),
                                                                                                                                                                 (11, 'enfermero1.anca', '$2a$10$hashSimuladoEnfer01100000000000000000000000', 31, 2, TRUE, TRUE, '2026-01-10 08:00:00', '2026-07-12 07:00:00', 0),
                                                                                                                                                                 (12, 'enfermero2.banda', '$2a$10$hashSimuladoEnfer01200000000000000000000000', 32, 2, TRUE, FALSE, '2026-01-11 08:00:00', '2026-07-12 08:00:00', 1),
                                                                                                                                                                 (13, 'enfermero3.lozano', '$2a$10$hashSimuladoEnfer01300000000000000000000000', 33, 2, TRUE, FALSE, '2026-01-12 08:00:00', '2026-07-12 09:00:00', 2),
                                                                                                                                                                 (14, 'enfermero4.portugal', '$2a$10$hashSimuladoEnfer01400000000000000000000000', 34, 2, TRUE, FALSE, '2026-01-13 08:00:00', '2026-07-12 10:00:00', 0),
                                                                                                                                                                 (15, 'enfermero5.sandoval', '$2a$10$hashSimuladoEnfer01500000000000000000000000', 35, 2, TRUE, FALSE, '2026-01-14 08:00:00', '2026-07-12 11:00:00', 1),
                                                                                                                                                                 (16, 'enfermero6.ramirez', '$2a$10$hashSimuladoEnfer01600000000000000000000000', 36, 2, TRUE, FALSE, '2026-01-15 08:00:00', '2026-07-12 12:00:00', 2),
                                                                                                                                                                 (17, 'enfermero7.flores', '$2a$10$hashSimuladoEnfer01700000000000000000000000', 37, 2, TRUE, FALSE, '2026-01-16 08:00:00', '2026-07-12 13:00:00', 0),
                                                                                                                                                                 (18, 'enfermero8.garcia', '$2a$10$hashSimuladoEnfer01800000000000000000000000', 38, 2, TRUE, FALSE, '2026-01-17 08:00:00', '2026-07-12 14:00:00', 1),
                                                                                                                                                                 (19, 'enfermero9.rojas', '$2a$10$hashSimuladoEnfer01900000000000000000000000', 39, 2, TRUE, TRUE, '2026-01-18 08:00:00', '2026-07-12 15:00:00', 2),
                                                                                                                                                                 (20, 'enfermero10.vargas', '$2a$10$hashSimuladoEnfer02000000000000000000000000', 40, 2, TRUE, FALSE, '2026-01-19 08:00:00', '2026-07-12 16:00:00', 0),
                                                                                                                                                                 (21, 'paciente1.anca', '$2a$10$hashSimuladoPacie02100000000000000000000000', 61, 3, TRUE, FALSE, '2026-02-01 10:00:00', NULL, 0),
                                                                                                                                                                 (22, 'paciente2.banda', '$2a$10$hashSimuladoPacie02200000000000000000000000', 62, 3, TRUE, FALSE, '2026-02-02 10:00:00', '2026-07-13 19:00:00', 1),
                                                                                                                                                                 (23, 'paciente3.lozano', '$2a$10$hashSimuladoPacie02300000000000000000000000', 63, 3, TRUE, FALSE, '2026-02-03 10:00:00', '2026-07-13 20:00:00', 0),
                                                                                                                                                                 (24, 'paciente4.portugal', '$2a$10$hashSimuladoPacie02400000000000000000000000', 64, 3, TRUE, FALSE, '2026-02-04 10:00:00', '2026-07-13 21:00:00', 1),
                                                                                                                                                                 (25, 'paciente5.sandoval', '$2a$10$hashSimuladoPacie02500000000000000000000000', 65, 3, TRUE, FALSE, '2026-02-05 10:00:00', NULL, 0),
                                                                                                                                                                 (26, 'paciente6.ramirez', '$2a$10$hashSimuladoPacie02600000000000000000000000', 66, 3, TRUE, FALSE, '2026-02-06 10:00:00', '2026-07-13 23:00:00', 1),
                                                                                                                                                                 (27, 'paciente7.flores', '$2a$10$hashSimuladoPacie02700000000000000000000000', 67, 3, TRUE, FALSE, '2026-02-07 10:00:00', '2026-07-14 00:00:00', 0),
                                                                                                                                                                 (28, 'paciente8.garcia', '$2a$10$hashSimuladoPacie02800000000000000000000000', 68, 3, TRUE, FALSE, '2026-02-08 10:00:00', '2026-07-14 01:00:00', 1),
                                                                                                                                                                 (29, 'paciente9.rojas', '$2a$10$hashSimuladoPacie02900000000000000000000000', 69, 3, TRUE, FALSE, '2026-02-09 10:00:00', NULL, 0),
                                                                                                                                                                 (30, 'paciente10.vargas', '$2a$10$hashSimuladoPacie03000000000000000000000000', 70, 3, TRUE, FALSE, '2026-02-10 10:00:00', '2026-07-14 03:00:00', 1);

INSERT INTO mae_sesion_usuario (cuenta_id, token, inicio_sesion, expiracion, ip_address, user_agent, activa) VALUES
                                                                                                                 (1, 'tok-0001-a1b2c3d4-e5f6', '2026-07-10 08:00:00', '2026-07-10 10:00:00', '192.168.1.10', 'Mozilla/5.0 (Windows NT 10.0; Win64; x64)', FALSE),
                                                                                                                 (2, 'tok-0002-a1b2c3d4-e5f6', '2026-07-10 11:00:00', '2026-07-10 13:00:00', '192.168.1.11', 'Mozilla/5.0 (Macintosh; Intel Mac OS X 13_0)', TRUE),
                                                                                                                 (3, 'tok-0003-a1b2c3d4-e5f6', '2026-07-10 14:00:00', '2026-07-10 16:00:00', '192.168.1.12', 'Mozilla/5.0 (Windows NT 10.0; Win64; x64)', TRUE),
                                                                                                                 (4, 'tok-0004-a1b2c3d4-e5f6', '2026-07-10 17:00:00', '2026-07-10 19:00:00', '192.168.1.13', 'Mozilla/5.0 (Macintosh; Intel Mac OS X 13_0)', TRUE),
                                                                                                                 (5, 'tok-0005-a1b2c3d4-e5f6', '2026-07-10 20:00:00', '2026-07-10 22:00:00', '192.168.1.14', 'Mozilla/5.0 (Windows NT 10.0; Win64; x64)', TRUE),
                                                                                                                 (6, 'tok-0006-a1b2c3d4-e5f6', '2026-07-10 23:00:00', '2026-07-11 01:00:00', '192.168.1.15', 'Mozilla/5.0 (Macintosh; Intel Mac OS X 13_0)', FALSE),
                                                                                                                 (7, 'tok-0007-a1b2c3d4-e5f6', '2026-07-11 02:00:00', '2026-07-11 04:00:00', '192.168.1.16', 'Mozilla/5.0 (Windows NT 10.0; Win64; x64)', TRUE),
                                                                                                                 (8, 'tok-0008-a1b2c3d4-e5f6', '2026-07-11 05:00:00', '2026-07-11 07:00:00', '192.168.1.17', 'Mozilla/5.0 (Macintosh; Intel Mac OS X 13_0)', TRUE),
                                                                                                                 (9, 'tok-0009-a1b2c3d4-e5f6', '2026-07-11 08:00:00', '2026-07-11 10:00:00', '192.168.1.18', 'Mozilla/5.0 (Windows NT 10.0; Win64; x64)', TRUE),
                                                                                                                 (10, 'tok-0010-a1b2c3d4-e5f6', '2026-07-11 11:00:00', '2026-07-11 13:00:00', '192.168.1.19', 'Mozilla/5.0 (Macintosh; Intel Mac OS X 13_0)', TRUE),
                                                                                                                 (11, 'tok-0011-a1b2c3d4-e5f6', '2026-07-11 14:00:00', '2026-07-11 16:00:00', '192.168.1.20', 'Mozilla/5.0 (Windows NT 10.0; Win64; x64)', FALSE),
                                                                                                                 (12, 'tok-0012-a1b2c3d4-e5f6', '2026-07-11 17:00:00', '2026-07-11 19:00:00', '192.168.1.21', 'Mozilla/5.0 (Macintosh; Intel Mac OS X 13_0)', TRUE),
                                                                                                                 (13, 'tok-0013-a1b2c3d4-e5f6', '2026-07-11 20:00:00', '2026-07-11 22:00:00', '192.168.1.22', 'Mozilla/5.0 (Windows NT 10.0; Win64; x64)', TRUE),
                                                                                                                 (14, 'tok-0014-a1b2c3d4-e5f6', '2026-07-11 23:00:00', '2026-07-12 01:00:00', '192.168.1.23', 'Mozilla/5.0 (Macintosh; Intel Mac OS X 13_0)', TRUE),
                                                                                                                 (15, 'tok-0015-a1b2c3d4-e5f6', '2026-07-12 02:00:00', '2026-07-12 04:00:00', '192.168.1.24', 'Mozilla/5.0 (Windows NT 10.0; Win64; x64)', TRUE),
                                                                                                                 (16, 'tok-0016-a1b2c3d4-e5f6', '2026-07-12 05:00:00', '2026-07-12 07:00:00', '192.168.1.25', 'Mozilla/5.0 (Macintosh; Intel Mac OS X 13_0)', FALSE),
                                                                                                                 (17, 'tok-0017-a1b2c3d4-e5f6', '2026-07-12 08:00:00', '2026-07-12 10:00:00', '192.168.1.26', 'Mozilla/5.0 (Windows NT 10.0; Win64; x64)', TRUE),
                                                                                                                 (18, 'tok-0018-a1b2c3d4-e5f6', '2026-07-12 11:00:00', '2026-07-12 13:00:00', '192.168.1.27', 'Mozilla/5.0 (Macintosh; Intel Mac OS X 13_0)', TRUE),
                                                                                                                 (19, 'tok-0019-a1b2c3d4-e5f6', '2026-07-12 14:00:00', '2026-07-12 16:00:00', '192.168.1.28', 'Mozilla/5.0 (Windows NT 10.0; Win64; x64)', TRUE),
                                                                                                                 (20, 'tok-0020-a1b2c3d4-e5f6', '2026-07-12 17:00:00', '2026-07-12 19:00:00', '192.168.1.29', 'Mozilla/5.0 (Macintosh; Intel Mac OS X 13_0)', TRUE),
                                                                                                                 (21, 'tok-0021-a1b2c3d4-e5f6', '2026-07-12 20:00:00', '2026-07-12 22:00:00', '192.168.1.30', 'Mozilla/5.0 (Windows NT 10.0; Win64; x64)', FALSE),
                                                                                                                 (22, 'tok-0022-a1b2c3d4-e5f6', '2026-07-12 23:00:00', '2026-07-13 01:00:00', '192.168.1.31', 'Mozilla/5.0 (Macintosh; Intel Mac OS X 13_0)', TRUE),
                                                                                                                 (23, 'tok-0023-a1b2c3d4-e5f6', '2026-07-13 02:00:00', '2026-07-13 04:00:00', '192.168.1.32', 'Mozilla/5.0 (Windows NT 10.0; Win64; x64)', TRUE),
                                                                                                                 (24, 'tok-0024-a1b2c3d4-e5f6', '2026-07-13 05:00:00', '2026-07-13 07:00:00', '192.168.1.33', 'Mozilla/5.0 (Macintosh; Intel Mac OS X 13_0)', TRUE),
                                                                                                                 (25, 'tok-0025-a1b2c3d4-e5f6', '2026-07-13 08:00:00', '2026-07-13 10:00:00', '192.168.1.34', 'Mozilla/5.0 (Windows NT 10.0; Win64; x64)', TRUE),
                                                                                                                 (26, 'tok-0026-a1b2c3d4-e5f6', '2026-07-13 11:00:00', '2026-07-13 13:00:00', '192.168.1.35', 'Mozilla/5.0 (Macintosh; Intel Mac OS X 13_0)', FALSE),
                                                                                                                 (27, 'tok-0027-a1b2c3d4-e5f6', '2026-07-13 14:00:00', '2026-07-13 16:00:00', '192.168.1.36', 'Mozilla/5.0 (Windows NT 10.0; Win64; x64)', TRUE),
                                                                                                                 (28, 'tok-0028-a1b2c3d4-e5f6', '2026-07-13 17:00:00', '2026-07-13 19:00:00', '192.168.1.37', 'Mozilla/5.0 (Macintosh; Intel Mac OS X 13_0)', TRUE),
                                                                                                                 (29, 'tok-0029-a1b2c3d4-e5f6', '2026-07-13 20:00:00', '2026-07-13 22:00:00', '192.168.1.38', 'Mozilla/5.0 (Windows NT 10.0; Win64; x64)', TRUE),
                                                                                                                 (30, 'tok-0030-a1b2c3d4-e5f6', '2026-07-13 23:00:00', '2026-07-14 01:00:00', '192.168.1.39', 'Mozilla/5.0 (Macintosh; Intel Mac OS X 13_0)', TRUE);

INSERT INTO mae_centro_vacunacion (id, nombre, dir_calle, dir_numero, dir_departamento, dir_distrito, dir_provincia, dir_codigo_postal, contacto_email, contacto_telefono, contacto_telefono_alt, capacidad_diaria, personal_disponible, horario_atencion, activo) VALUES
                                                                                                                                                                                                                                                                       (1, 'Centro de Salud San Juan de Lurigancho', 'Av. Proceres de la Independencia', '500', NULL, 'San Juan de Lurigancho', 'Lima', '15000', 'contacto@cs-1.gob.pe', '014560000', '014570000', 60, 3, 'Lunes a Sabado 07:00 - 19:00', FALSE),
                                                                                                                                                                                                                                                                       (2, 'Posta Medica Magdalena', 'Av. Sucre', '520', NULL, 'Magdalena del Mar', 'Lima', '15001', 'contacto@cs-2.gob.pe', '014560001', NULL, 70, 4, 'Lunes a Viernes 08:00 - 16:00', TRUE),
                                                                                                                                                                                                                                                                       (3, 'Hospital Nacional Dos de Mayo', 'Av. Grau', '540', NULL, 'Lima Cercado', 'Lima', '15002', 'contacto@cs-3.gob.pe', '014560002', NULL, 80, 5, 'Lunes a Sabado 07:00 - 19:00', TRUE),
                                                                                                                                                                                                                                                                       (4, 'Centro de Salud Comas', 'Av. Tupac Amaru', '560', NULL, 'Comas', 'Lima', '15003', 'contacto@cs-4.gob.pe', '014560003', '014570003', 90, 6, 'Lunes a Viernes 08:00 - 16:00', TRUE),
                                                                                                                                                                                                                                                                       (5, 'Policlinico Surco', 'Av. Benavides', '580', NULL, 'Surco', 'Lima', '15004', 'contacto@cs-5.gob.pe', '014560004', NULL, 100, 7, 'Lunes a Sabado 07:00 - 19:00', TRUE),
                                                                                                                                                                                                                                                                       (6, 'Centro de Salud Callao', 'Av. Argentina', '600', NULL, 'Callao', 'Lima', '15005', 'contacto@cs-6.gob.pe', '014560005', NULL, 110, 8, 'Lunes a Viernes 08:00 - 16:00', TRUE),
                                                                                                                                                                                                                                                                       (7, 'Hospital Rebagliati', 'Av. Salaverry', '620', NULL, 'Jesus Maria', 'Lima', '15006', 'contacto@cs-7.gob.pe', '014560006', '014570006', 120, 9, 'Lunes a Sabado 07:00 - 19:00', TRUE),
                                                                                                                                                                                                                                                                       (8, 'Centro de Salud Los Olivos', 'Av. Angamos', '640', NULL, 'Los Olivos', 'Lima', '15007', 'contacto@cs-8.gob.pe', '014560007', NULL, 130, 10, 'Lunes a Viernes 08:00 - 16:00', TRUE),
                                                                                                                                                                                                                                                                       (9, 'Posta Medica Villa El Salvador', 'Av. Proceres de la Independencia', '660', NULL, 'Villa El Salvador', 'Lima', '15008', 'contacto@cs-9.gob.pe', '014560008', NULL, 140, 3, 'Lunes a Sabado 07:00 - 19:00', TRUE),
                                                                                                                                                                                                                                                                       (10, 'Centro de Salud Ate Vitarte', 'Av. Sucre', '680', NULL, 'Ate', 'Lima', '15009', 'contacto@cs-10.gob.pe', '014560009', '014570009', 150, 4, 'Lunes a Viernes 08:00 - 16:00', TRUE),
                                                                                                                                                                                                                                                                       (11, 'Policlinico San Miguel', 'Av. Grau', '700', NULL, 'San Miguel', 'Lima', '15010', 'contacto@cs-11.gob.pe', '014560010', NULL, 60, 5, 'Lunes a Sabado 07:00 - 19:00', TRUE),
                                                                                                                                                                                                                                                                       (12, 'Centro de Salud Barranco', 'Av. Tupac Amaru', '720', NULL, 'Barranco', 'Lima', '15011', 'contacto@cs-12.gob.pe', '014560011', NULL, 70, 6, 'Lunes a Viernes 08:00 - 16:00', TRUE),
                                                                                                                                                                                                                                                                       (13, 'Hospital Loayza', 'Av. Benavides', '740', NULL, 'Lima Cercado', 'Lima', '15012', 'contacto@cs-13.gob.pe', '014560012', '014570012', 80, 7, 'Lunes a Sabado 07:00 - 19:00', TRUE),
                                                                                                                                                                                                                                                                       (14, 'Centro de Salud Breña', 'Av. Argentina', '760', NULL, 'Breña', 'Lima', '15013', 'contacto@cs-14.gob.pe', '014560013', NULL, 90, 8, 'Lunes a Viernes 08:00 - 16:00', FALSE),
                                                                                                                                                                                                                                                                       (15, 'Posta Medica Chorrillos', 'Av. Salaverry', '780', NULL, 'Chorrillos', 'Lima', '15014', 'contacto@cs-15.gob.pe', '014560014', NULL, 100, 9, 'Lunes a Sabado 07:00 - 19:00', TRUE),
                                                                                                                                                                                                                                                                       (16, 'Centro de Salud La Molina', 'Av. Angamos', '800', NULL, 'La Molina', 'Lima', '15015', 'contacto@cs-16.gob.pe', '014560015', '014570015', 110, 10, 'Lunes a Viernes 08:00 - 16:00', TRUE),
                                                                                                                                                                                                                                                                       (17, 'Policlinico Jesus Maria', 'Av. Proceres de la Independencia', '820', NULL, 'Jesus Maria', 'Lima', '15016', 'contacto@cs-17.gob.pe', '014560016', NULL, 120, 3, 'Lunes a Sabado 07:00 - 19:00', TRUE),
                                                                                                                                                                                                                                                                       (18, 'Centro de Salud Independencia', 'Av. Sucre', '840', NULL, 'Independencia', 'Lima', '15017', 'contacto@cs-18.gob.pe', '014560017', NULL, 130, 4, 'Lunes a Viernes 08:00 - 16:00', TRUE),
                                                                                                                                                                                                                                                                       (19, 'Hospital Sabogal', 'Av. Grau', '860', NULL, 'Callao', 'Lima', '15018', 'contacto@cs-19.gob.pe', '014560018', '014570018', 140, 5, 'Lunes a Sabado 07:00 - 19:00', TRUE),
                                                                                                                                                                                                                                                                       (20, 'Centro de Salud Villa Maria del Triunfo', 'Av. Tupac Amaru', '880', NULL, 'Villa Maria del Triunfo', 'Lima', '15019', 'contacto@cs-20.gob.pe', '014560019', NULL, 150, 6, 'Lunes a Viernes 08:00 - 16:00', TRUE),
                                                                                                                                                                                                                                                                       (21, 'Posta Medica San Juan de Miraflores', 'Av. Benavides', '900', NULL, 'San Juan de Miraflores', 'Lima', '15020', 'contacto@cs-21.gob.pe', '014560020', NULL, 60, 7, 'Lunes a Sabado 07:00 - 19:00', TRUE),
                                                                                                                                                                                                                                                                       (22, 'Centro de Salud Puente Piedra', 'Av. Argentina', '920', NULL, 'Puente Piedra', 'Lima', '15021', 'contacto@cs-22.gob.pe', '014560021', '014570021', 70, 8, 'Lunes a Viernes 08:00 - 16:00', TRUE),
                                                                                                                                                                                                                                                                       (23, 'Policlinico Surquillo', 'Av. Salaverry', '940', NULL, 'Surquillo', 'Lima', '15022', 'contacto@cs-23.gob.pe', '014560022', NULL, 80, 9, 'Lunes a Sabado 07:00 - 19:00', TRUE),
                                                                                                                                                                                                                                                                       (24, 'Centro de Salud Rimac', 'Av. Angamos', '960', NULL, 'Rimac', 'Lima', '15023', 'contacto@cs-24.gob.pe', '014560023', NULL, 90, 10, 'Lunes a Viernes 08:00 - 16:00', TRUE),
                                                                                                                                                                                                                                                                       (25, 'Hospital Cayetano Heredia', 'Av. Proceres de la Independencia', '980', NULL, 'San Martin de Porres', 'Lima', '15024', 'contacto@cs-25.gob.pe', '014560024', '014570024', 100, 3, 'Lunes a Sabado 07:00 - 19:00', TRUE),
                                                                                                                                                                                                                                                                       (26, 'Centro de Salud Pachacamac', 'Av. Sucre', '1000', NULL, 'Pachacamac', 'Lima', '15025', 'contacto@cs-26.gob.pe', '014560025', NULL, 110, 4, 'Lunes a Viernes 08:00 - 16:00', TRUE),
                                                                                                                                                                                                                                                                       (27, 'Posta Medica Lurin', 'Av. Grau', '1020', NULL, 'Lurin', 'Lima', '15026', 'contacto@cs-27.gob.pe', '014560026', NULL, 120, 5, 'Lunes a Sabado 07:00 - 19:00', FALSE),
                                                                                                                                                                                                                                                                       (28, 'Centro de Salud Chaclacayo', 'Av. Tupac Amaru', '1040', NULL, 'Chaclacayo', 'Lima', '15027', 'contacto@cs-28.gob.pe', '014560027', '014570027', 130, 6, 'Lunes a Viernes 08:00 - 16:00', TRUE),
                                                                                                                                                                                                                                                                       (29, 'Policlinico Santa Anita', 'Av. Benavides', '1060', NULL, 'Santa Anita', 'Lima', '15028', 'contacto@cs-29.gob.pe', '014560028', NULL, 140, 7, 'Lunes a Sabado 07:00 - 19:00', TRUE),
                                                                                                                                                                                                                                                                       (30, 'Centro de Salud El Agustino', 'Av. Argentina', '1080', NULL, 'El Agustino', 'Lima', '15029', 'contacto@cs-30.gob.pe', '014560029', NULL, 150, 8, 'Lunes a Viernes 08:00 - 16:00', TRUE);

INSERT INTO mae_campania_vacunacion (id, nombre, descripcion, vacuna_id, fecha_inicio, fecha_fin, meta_vacunacion, vacunados_actuales, estado) VALUES
                                                                                                                                                   (1, 'Campaña COVID-19 Comirnaty 2026', 'Campaña de vacunación #1', 1, '2026-01-01', '2026-03-02', 1000, 200, 'PLANEADA'),
                                                                                                                                                   (2, 'Campaña COVID-19 Spikevax 2026', 'Campaña de vacunación #2', 2, '2026-01-11', '2026-03-12', 1150, 402, 'EN_CURSO'),
                                                                                                                                                   (3, 'Campaña COVID-19 Vaxzevria 2026', 'Campaña de vacunación #3', 3, '2026-01-21', '2026-03-22', 1300, 650, 'FINALIZADA'),
                                                                                                                                                   (4, 'Campaña COVID-19 Ad26.COV2.S 2026', 'Campaña de vacunación #4', 4, '2026-01-31', '2026-04-01', 1450, 942, 'SUSPENDIDA'),
                                                                                                                                                   (5, 'Campaña COVID-19 Sinopharm BBIBP-CorV 2026', 'Campaña de vacunación #5', 5, '2026-02-10', '2026-04-11', 1600, 1280, 'PLANEADA'),
                                                                                                                                                   (6, 'Campaña CoronaVac 2026', 'Campaña de vacunación #6', 6, '2026-02-20', '2026-04-21', 1750, 350, 'EN_CURSO'),
                                                                                                                                                   (7, 'Campaña Covaxin 2026', 'Campaña de vacunación #7', 7, '2026-03-02', '2026-05-01', 1900, 665, 'FINALIZADA'),
                                                                                                                                                   (8, 'Campaña Influenza Estacional Trivalente 2026', 'Campaña de vacunación #8', 8, '2026-03-12', '2026-05-11', 2050, 1025, 'SUSPENDIDA'),
                                                                                                                                                   (9, 'Campaña Influenza Estacional Tetravalente 2026', 'Campaña de vacunación #9', 9, '2026-03-22', '2026-05-21', 2200, 1429, 'PLANEADA'),
                                                                                                                                                   (10, 'Campaña Hepatitis B 2026', 'Campaña de vacunación #10', 10, '2026-04-01', '2026-05-31', 2350, 1880, 'EN_CURSO'),
                                                                                                                                                   (11, 'Campaña Hepatitis A 2026', 'Campaña de vacunación #11', 11, '2026-04-11', '2026-06-10', 2500, 500, 'FINALIZADA'),
                                                                                                                                                   (12, 'Campaña Triple Viral (SPR) 2026', 'Campaña de vacunación #12', 12, '2026-04-21', '2026-06-20', 2650, 927, 'SUSPENDIDA'),
                                                                                                                                                   (13, 'Campaña DTP (Difteria, Tétanos, Pertussis) 2026', 'Campaña de vacunación #13', 13, '2026-05-01', '2026-06-30', 2800, 1400, 'PLANEADA'),
                                                                                                                                                   (14, 'Campaña Antitetánica 2026', 'Campaña de vacunación #14', 14, '2026-05-11', '2026-07-10', 2950, 1917, 'EN_CURSO'),
                                                                                                                                                   (15, 'Campaña BCG (Tuberculosis) 2026', 'Campaña de vacunación #15', 15, '2026-05-21', '2026-07-20', 3100, 2480, 'FINALIZADA'),
                                                                                                                                                   (16, 'Campaña Antipolio (IPV) 2026', 'Campaña de vacunación #16', 16, '2026-05-31', '2026-07-30', 3250, 650, 'SUSPENDIDA'),
                                                                                                                                                   (17, 'Campaña Antipolio Oral (OPV) 2026', 'Campaña de vacunación #17', 17, '2026-06-10', '2026-08-09', 3400, 1190, 'PLANEADA'),
                                                                                                                                                   (18, 'Campaña Vacuna contra el VPH 2026', 'Campaña de vacunación #18', 18, '2026-06-20', '2026-08-19', 3550, 1775, 'EN_CURSO'),
                                                                                                                                                   (19, 'Campaña Antineumocócica Conjugada 2026', 'Campaña de vacunación #19', 19, '2026-06-30', '2026-08-29', 3700, 2404, 'FINALIZADA'),
                                                                                                                                                   (20, 'Campaña Antimeningocócica 2026', 'Campaña de vacunación #20', 20, '2026-07-10', '2026-09-08', 3850, 3080, 'SUSPENDIDA'),
                                                                                                                                                   (21, 'Campaña Antirrábica 2026', 'Campaña de vacunación #21', 21, '2026-07-20', '2026-09-18', 4000, 800, 'PLANEADA'),
                                                                                                                                                   (22, 'Campaña Fiebre Amarilla 2026', 'Campaña de vacunación #22', 22, '2026-07-30', '2026-09-28', 4150, 1452, 'EN_CURSO'),
                                                                                                                                                   (23, 'Campaña Antitifoidea 2026', 'Campaña de vacunación #23', 23, '2026-08-09', '2026-10-08', 4300, 2150, 'FINALIZADA'),
                                                                                                                                                   (24, 'Campaña Antivaricela 2026', 'Campaña de vacunación #24', 24, '2026-08-19', '2026-10-18', 4450, 2892, 'SUSPENDIDA'),
                                                                                                                                                   (25, 'Campaña Herpes Zóster (Shingrix) 2026', 'Campaña de vacunación #25', 25, '2026-08-29', '2026-10-28', 4600, 3680, 'PLANEADA'),
                                                                                                                                                   (26, 'Campaña Antirrotavirus 2026', 'Campaña de vacunación #26', 26, '2026-09-08', '2026-11-07', 4750, 950, 'EN_CURSO'),
                                                                                                                                                   (27, 'Campaña Anti-Haemophilus influenzae b (Hib) 2026', 'Campaña de vacunación #27', 27, '2026-09-18', '2026-11-17', 4900, 1715, 'FINALIZADA'),
                                                                                                                                                   (28, 'Campaña Antidengue (Qdenga) 2026', 'Campaña de vacunación #28', 28, '2026-09-28', '2026-11-27', 5050, 2525, 'SUSPENDIDA'),
                                                                                                                                                   (29, 'Campaña RSV (Virus Sincitial Respiratorio) 2026', 'Campaña de vacunación #29', 29, '2026-10-08', '2026-12-07', 5200, 3379, 'PLANEADA'),
                                                                                                                                                   (30, 'Campaña Mpox (Viruela del Mono) 2026', 'Campaña de vacunación #30', 30, '2026-10-18', '2026-12-17', 5350, 4280, 'EN_CURSO');

INSERT INTO campania_grupos_objetivo (campania_id, grupo_objetivo) VALUES
                                                                       (1, 'ADULTO_MAYOR'),
                                                                       (2, 'PERSONAL_DE_SALUD'),
                                                                       (2, 'GESTANTES'),
                                                                       (3, 'GESTANTES'),
                                                                       (3, 'NINOS'),
                                                                       (3, 'ADOLESCENTES'),
                                                                       (4, 'NINOS'),
                                                                       (5, 'ADOLESCENTES'),
                                                                       (5, 'POBLACION_GENERAL'),
                                                                       (6, 'POBLACION_GENERAL'),
                                                                       (6, 'CRONICOS'),
                                                                       (6, 'ADULTO_MAYOR'),
                                                                       (7, 'CRONICOS'),
                                                                       (8, 'ADULTO_MAYOR'),
                                                                       (8, 'PERSONAL_DE_SALUD'),
                                                                       (9, 'PERSONAL_DE_SALUD'),
                                                                       (9, 'GESTANTES'),
                                                                       (9, 'NINOS'),
                                                                       (10, 'GESTANTES'),
                                                                       (11, 'NINOS'),
                                                                       (11, 'ADOLESCENTES'),
                                                                       (12, 'ADOLESCENTES'),
                                                                       (12, 'POBLACION_GENERAL'),
                                                                       (12, 'CRONICOS'),
                                                                       (13, 'POBLACION_GENERAL'),
                                                                       (14, 'CRONICOS'),
                                                                       (14, 'ADULTO_MAYOR'),
                                                                       (15, 'ADULTO_MAYOR'),
                                                                       (15, 'PERSONAL_DE_SALUD'),
                                                                       (15, 'GESTANTES'),
                                                                       (16, 'PERSONAL_DE_SALUD'),
                                                                       (17, 'GESTANTES'),
                                                                       (17, 'NINOS'),
                                                                       (18, 'NINOS'),
                                                                       (18, 'ADOLESCENTES'),
                                                                       (18, 'POBLACION_GENERAL'),
                                                                       (19, 'ADOLESCENTES'),
                                                                       (20, 'POBLACION_GENERAL'),
                                                                       (20, 'CRONICOS'),
                                                                       (21, 'CRONICOS'),
                                                                       (21, 'ADULTO_MAYOR'),
                                                                       (21, 'PERSONAL_DE_SALUD'),
                                                                       (22, 'ADULTO_MAYOR'),
                                                                       (23, 'PERSONAL_DE_SALUD'),
                                                                       (23, 'GESTANTES'),
                                                                       (24, 'GESTANTES'),
                                                                       (24, 'NINOS'),
                                                                       (24, 'ADOLESCENTES'),
                                                                       (25, 'NINOS'),
                                                                       (26, 'ADOLESCENTES'),
                                                                       (26, 'POBLACION_GENERAL'),
                                                                       (27, 'POBLACION_GENERAL'),
                                                                       (27, 'CRONICOS'),
                                                                       (27, 'ADULTO_MAYOR'),
                                                                       (28, 'CRONICOS'),
                                                                       (29, 'ADULTO_MAYOR'),
                                                                       (29, 'PERSONAL_DE_SALUD'),
                                                                       (30, 'PERSONAL_DE_SALUD'),
                                                                       (30, 'GESTANTES'),
                                                                       (30, 'NINOS');

INSERT INTO mae_cita_vacunacion (paciente_id, vacuna_id, fecha_hora, centro_vacunacion_id, estado, observaciones) VALUES
                                                                                                                      (61, 1, '2026-07-15 08:00:00', 1, 'PROGRAMADA', NULL),
                                                                                                                      (62, 2, '2026-07-15 10:00:00', 2, 'CONFIRMADA', 'Cita para COVID-19 Spikevax'),
                                                                                                                      (63, 3, '2026-07-15 12:00:00', 3, 'ATENDIDA', 'Cita para COVID-19 Vaxzevria'),
                                                                                                                      (64, 4, '2026-07-15 14:00:00', 4, 'CANCELADA', 'Cita para COVID-19 Ad26.COV2.S'),
                                                                                                                      (65, 5, '2026-07-15 16:00:00', 5, 'NO_ASISTIO', NULL),
                                                                                                                      (66, 6, '2026-07-15 18:00:00', 6, 'PROGRAMADA', 'Cita para CoronaVac'),
                                                                                                                      (67, 7, '2026-07-15 20:00:00', 7, 'CONFIRMADA', 'Cita para Covaxin'),
                                                                                                                      (68, 8, '2026-07-15 22:00:00', 8, 'ATENDIDA', 'Cita para Influenza Estacional Trivalente'),
                                                                                                                      (69, 9, '2026-07-16 00:00:00', 9, 'CANCELADA', NULL),
                                                                                                                      (70, 10, '2026-07-16 02:00:00', 10, 'NO_ASISTIO', 'Cita para Hepatitis B'),
                                                                                                                      (71, 11, '2026-07-16 04:00:00', 11, 'PROGRAMADA', 'Cita para Hepatitis A'),
                                                                                                                      (72, 12, '2026-07-16 06:00:00', 12, 'CONFIRMADA', 'Cita para Triple Viral (SPR)'),
                                                                                                                      (73, 13, '2026-07-16 08:00:00', 13, 'ATENDIDA', NULL),
                                                                                                                      (74, 14, '2026-07-16 10:00:00', 14, 'CANCELADA', 'Cita para Antitetánica'),
                                                                                                                      (75, 15, '2026-07-16 12:00:00', 15, 'NO_ASISTIO', 'Cita para BCG (Tuberculosis)'),
                                                                                                                      (76, 16, '2026-07-16 14:00:00', 16, 'PROGRAMADA', 'Cita para Antipolio (IPV)'),
                                                                                                                      (77, 17, '2026-07-16 16:00:00', 17, 'CONFIRMADA', NULL),
                                                                                                                      (78, 18, '2026-07-16 18:00:00', 18, 'ATENDIDA', 'Cita para Vacuna contra el VPH'),
                                                                                                                      (79, 19, '2026-07-16 20:00:00', 19, 'CANCELADA', 'Cita para Antineumocócica Conjugada'),
                                                                                                                      (80, 20, '2026-07-16 22:00:00', 20, 'NO_ASISTIO', 'Cita para Antimeningocócica'),
                                                                                                                      (81, 21, '2026-07-17 00:00:00', 21, 'PROGRAMADA', NULL),
                                                                                                                      (82, 22, '2026-07-17 02:00:00', 22, 'CONFIRMADA', 'Cita para Fiebre Amarilla'),
                                                                                                                      (83, 23, '2026-07-17 04:00:00', 23, 'ATENDIDA', 'Cita para Antitifoidea'),
                                                                                                                      (84, 24, '2026-07-17 06:00:00', 24, 'CANCELADA', 'Cita para Antivaricela'),
                                                                                                                      (85, 25, '2026-07-17 08:00:00', 25, 'NO_ASISTIO', NULL),
                                                                                                                      (86, 26, '2026-07-17 10:00:00', 26, 'PROGRAMADA', 'Cita para Antirrotavirus'),
                                                                                                                      (87, 27, '2026-07-17 12:00:00', 27, 'CONFIRMADA', 'Cita para Anti-Haemophilus influenzae b (Hib)'),
                                                                                                                      (88, 28, '2026-07-17 14:00:00', 28, 'ATENDIDA', 'Cita para Antidengue (Qdenga)'),
                                                                                                                      (89, 29, '2026-07-17 16:00:00', 29, 'CANCELADA', NULL),
                                                                                                                      (90, 30, '2026-07-17 18:00:00', 30, 'NO_ASISTIO', 'Cita para Mpox (Viruela del Mono)');

-- mae_horario: tabla independiente, id autogenerado (IDENTITY)
INSERT INTO mae_horario (dia_semana, hora_inicio, hora_fin, capacidad_por_intervalo) VALUES
                                                                                         ('LUNES', '07:00:00', '11:00:00', 5),
                                                                                         ('MARTES', '08:00:00', '12:00:00', 6),
                                                                                         ('MIERCOLES', '09:00:00', '13:00:00', 7),
                                                                                         ('JUEVES', '10:00:00', '14:00:00', 8),
                                                                                         ('VIERNES', '07:00:00', '11:00:00', 9),
                                                                                         ('SABADO', '08:00:00', '12:00:00', 10),
                                                                                         ('DOMINGO', '09:00:00', '13:00:00', 11),
                                                                                         ('LUNES', '10:00:00', '14:00:00', 12),
                                                                                         ('MARTES', '07:00:00', '11:00:00', 13),
                                                                                         ('MIERCOLES', '08:00:00', '12:00:00', 14),
                                                                                         ('JUEVES', '09:00:00', '13:00:00', 5),
                                                                                         ('VIERNES', '10:00:00', '14:00:00', 6),
                                                                                         ('SABADO', '07:00:00', '11:00:00', 7),
                                                                                         ('DOMINGO', '08:00:00', '12:00:00', 8),
                                                                                         ('LUNES', '09:00:00', '13:00:00', 9),
                                                                                         ('MARTES', '10:00:00', '14:00:00', 10),
                                                                                         ('MIERCOLES', '07:00:00', '11:00:00', 11),
                                                                                         ('JUEVES', '08:00:00', '12:00:00', 12),
                                                                                         ('VIERNES', '09:00:00', '13:00:00', 13),
                                                                                         ('SABADO', '10:00:00', '14:00:00', 14),
                                                                                         ('DOMINGO', '07:00:00', '11:00:00', 5),
                                                                                         ('LUNES', '08:00:00', '12:00:00', 6),
                                                                                         ('MARTES', '09:00:00', '13:00:00', 7),
                                                                                         ('MIERCOLES', '10:00:00', '14:00:00', 8),
                                                                                         ('JUEVES', '07:00:00', '11:00:00', 9),
                                                                                         ('VIERNES', '08:00:00', '12:00:00', 10),
                                                                                         ('SABADO', '09:00:00', '13:00:00', 11),
                                                                                         ('DOMINGO', '10:00:00', '14:00:00', 12),
                                                                                         ('LUNES', '07:00:00', '11:00:00', 13),
                                                                                         ('MARTES', '08:00:00', '12:00:00', 14);

-- mae_calendario: tabla independiente, id autogenerado (IDENTITY)
INSERT INTO mae_calendario (fecha, es_habil, descripcion_feriado) VALUES
                                                                      ('2026-01-01', FALSE, 'Año Nuevo'),
                                                                      ('2026-04-03', FALSE, 'Viernes Santo'),
                                                                      ('2026-05-01', FALSE, 'Dia del Trabajo'),
                                                                      ('2026-07-28', FALSE, 'Fiestas Patrias'),
                                                                      ('2026-07-29', FALSE, 'Fiestas Patrias'),
                                                                      ('2026-12-25', FALSE, 'Navidad'),
                                                                      ('2026-07-07', TRUE, NULL),
                                                                      ('2026-07-08', TRUE, NULL),
                                                                      ('2026-07-09', TRUE, NULL),
                                                                      ('2026-07-10', TRUE, NULL),
                                                                      ('2026-07-11', TRUE, NULL),
                                                                      ('2026-07-12', FALSE, 'Domingo'),
                                                                      ('2026-07-13', TRUE, NULL),
                                                                      ('2026-07-14', TRUE, NULL),
                                                                      ('2026-07-15', TRUE, NULL),
                                                                      ('2026-07-16', TRUE, NULL),
                                                                      ('2026-07-17', TRUE, NULL),
                                                                      ('2026-07-18', TRUE, NULL),
                                                                      ('2026-07-19', FALSE, 'Domingo'),
                                                                      ('2026-07-20', TRUE, NULL),
                                                                      ('2026-07-21', TRUE, NULL),
                                                                      ('2026-07-22', TRUE, NULL),
                                                                      ('2026-07-23', TRUE, NULL),
                                                                      ('2026-07-24', TRUE, NULL),
                                                                      ('2026-07-25', TRUE, NULL),
                                                                      ('2026-07-26', FALSE, 'Domingo'),
                                                                      ('2026-07-27', TRUE, NULL),
                                                                      ('2026-07-28', TRUE, NULL),
                                                                      ('2026-07-29', TRUE, NULL),
                                                                      ('2026-07-30', TRUE, NULL);

INSERT INTO mae_cartilla_vacunacion (id, paciente_id, codigo_qr, activa, estado) VALUES
                                                                                     (1, 61, 'QR-CART-0000000001', FALSE, 'SUSPENDIDA'),
                                                                                     (2, 62, 'QR-CART-0000000002', TRUE, 'ACTIVA'),
                                                                                     (3, 63, 'QR-CART-0000000003', TRUE, 'ACTIVA'),
                                                                                     (4, 64, 'QR-CART-0000000004', TRUE, 'ACTIVA'),
                                                                                     (5, 65, 'QR-CART-0000000005', TRUE, 'ACTIVA'),
                                                                                     (6, 66, 'QR-CART-0000000006', TRUE, 'ACTIVA'),
                                                                                     (7, 67, 'QR-CART-0000000007', TRUE, 'ACTIVA'),
                                                                                     (8, 68, 'QR-CART-0000000008', TRUE, 'ACTIVA'),
                                                                                     (9, 69, 'QR-CART-0000000009', TRUE, 'ACTIVA'),
                                                                                     (10, 70, 'QR-CART-0000000010', TRUE, 'ACTIVA'),
                                                                                     (11, 71, 'QR-CART-0000000011', TRUE, 'ACTIVA'),
                                                                                     (12, 72, 'QR-CART-0000000012', TRUE, 'ACTIVA'),
                                                                                     (13, 73, 'QR-CART-0000000013', TRUE, 'ACTIVA'),
                                                                                     (14, 74, 'QR-CART-0000000014', TRUE, 'ACTIVA'),
                                                                                     (15, 75, 'QR-CART-0000000015', TRUE, 'ACTIVA'),
                                                                                     (16, 76, 'QR-CART-0000000016', FALSE, 'SUSPENDIDA'),
                                                                                     (17, 77, 'QR-CART-0000000017', TRUE, 'ACTIVA'),
                                                                                     (18, 78, 'QR-CART-0000000018', TRUE, 'ACTIVA'),
                                                                                     (19, 79, 'QR-CART-0000000019', TRUE, 'ACTIVA'),
                                                                                     (20, 80, 'QR-CART-0000000020', TRUE, 'ACTIVA'),
                                                                                     (21, 81, 'QR-CART-0000000021', TRUE, 'ACTIVA'),
                                                                                     (22, 82, 'QR-CART-0000000022', TRUE, 'ACTIVA'),
                                                                                     (23, 83, 'QR-CART-0000000023', TRUE, 'ACTIVA'),
                                                                                     (24, 84, 'QR-CART-0000000024', TRUE, 'ACTIVA'),
                                                                                     (25, 85, 'QR-CART-0000000025', TRUE, 'ACTIVA'),
                                                                                     (26, 86, 'QR-CART-0000000026', TRUE, 'ACTIVA'),
                                                                                     (27, 87, 'QR-CART-0000000027', TRUE, 'ACTIVA'),
                                                                                     (28, 88, 'QR-CART-0000000028', TRUE, 'ACTIVA'),
                                                                                     (29, 89, 'QR-CART-0000000029', TRUE, 'ACTIVA'),
                                                                                     (30, 90, 'QR-CART-0000000030', TRUE, 'ACTIVA');

INSERT INTO mae_registro_vacuna (id, vacuna_id, numero_dosis, fecha_aplicacion, enfermero_aplicador_id, lote, nombre_lugar, direccion_aplicacion, distrito, estado, reacciones_adversas, proxima_dosis, cartilla_id) VALUES
                                                                                                                                                                                                                         (1, 1, 1, '2026-03-01 09:00:00', 31, 'LOTE-COV-1000', 'Centro de Salud San Juan de Lurigancho', 'Av. Proceres de la Independencia 500', 'San Juan de Lurigancho', 'APLICADA', 'Enrojecimiento leve en zona de aplicacion', '2026-03-03 09:00:00', 1),
                                                                                                                                                                                                                         (2, 2, 1, '2026-03-04 09:00:00', 32, 'LOTE-COV-1001', 'Posta Medica Magdalena', 'Av. Sucre 520', 'Magdalena del Mar', 'APLICADA', NULL, '2026-03-07 09:00:00', 2),
                                                                                                                                                                                                                         (3, 3, 1, '2026-03-07 09:00:00', 33, 'LOTE-COV-1002', 'Hospital Nacional Dos de Mayo', 'Av. Grau 540', 'Lima Cercado', 'APLICADA', NULL, '2026-03-09 09:00:00', 3),
                                                                                                                                                                                                                         (4, 4, 1, '2026-03-10 09:00:00', 34, 'LOTE-COV-1003', 'Centro de Salud Comas', 'Av. Proceres de la Independencia 560', 'Comas', 'APLICADA', NULL, '2026-03-11 09:00:00', 4),
                                                                                                                                                                                                                         (5, 5, 1, '2026-03-13 09:00:00', 35, 'LOTE-COV-1004', 'Policlinico Surco', 'Av. Sucre 580', 'Surco', 'APLICADA', NULL, '2026-03-15 09:00:00', 5),
                                                                                                                                                                                                                         (6, 6, 1, '2026-03-16 09:00:00', 36, 'LOTE-COR-1005', 'Centro de Salud Callao', 'Av. Grau 600', 'Callao', 'APLICADA', NULL, '2026-03-18 09:00:00', 6),
                                                                                                                                                                                                                         (7, 7, 1, '2026-03-19 09:00:00', 37, 'LOTE-COV-1006', 'Hospital Rebagliati', 'Av. Proceres de la Independencia 620', 'Jesus Maria', 'APLICADA', 'Enrojecimiento leve en zona de aplicacion', '2026-03-21 09:00:00', 7),
                                                                                                                                                                                                                         (8, 8, 1, '2026-03-22 09:00:00', 38, 'LOTE-INF-1007', 'Centro de Salud Los Olivos', 'Av. Sucre 640', 'Los Olivos', 'APLICADA', NULL, '2026-03-23 09:00:00', 8),
                                                                                                                                                                                                                         (9, 9, 1, '2026-03-25 09:00:00', 39, 'LOTE-INF-1008', 'Posta Medica Villa El Salvador', 'Av. Grau 660', 'Villa El Salvador', 'APLICADA', NULL, '2026-03-26 09:00:00', 9),
                                                                                                                                                                                                                         (10, 10, 1, '2026-03-28 09:00:00', 40, 'LOTE-HEP-1009', 'Centro de Salud Ate Vitarte', 'Av. Proceres de la Independencia 680', 'Ate', 'APLICADA', NULL, '2026-03-31 09:00:00', 10),
                                                                                                                                                                                                                         (11, 11, 1, '2026-03-31 09:00:00', 41, 'LOTE-HEP-1010', 'Policlinico San Miguel', 'Av. Sucre 700', 'San Miguel', 'APLICADA', NULL, '2026-04-02 09:00:00', 11),
                                                                                                                                                                                                                         (12, 12, 1, '2026-04-03 09:00:00', 42, 'LOTE-TRI-1011', 'Centro de Salud Barranco', 'Av. Grau 720', 'Barranco', 'APLICADA', NULL, '2026-04-05 09:00:00', 12),
                                                                                                                                                                                                                         (13, 13, 1, '2026-04-06 09:00:00', 43, 'LOTE-DTP-1012', 'Hospital Loayza', 'Av. Proceres de la Independencia 740', 'Lima Cercado', 'APLICADA', 'Enrojecimiento leve en zona de aplicacion', '2026-04-09 09:00:00', 13),
                                                                                                                                                                                                                         (14, 14, 1, '2026-04-09 09:00:00', 44, 'LOTE-ANT-1013', 'Centro de Salud Breña', 'Av. Sucre 760', 'Breña', 'APLICADA', NULL, '2026-04-10 09:00:00', 14),
                                                                                                                                                                                                                         (15, 15, 1, '2026-04-12 09:00:00', 45, 'LOTE-BCG-1014', 'Posta Medica Chorrillos', 'Av. Grau 780', 'Chorrillos', 'APLICADA', NULL, '2026-04-13 09:00:00', 15),
                                                                                                                                                                                                                         (16, 16, 1, '2026-04-15 09:00:00', 46, 'LOTE-ANT-1015', 'Centro de Salud La Molina', 'Av. Proceres de la Independencia 800', 'La Molina', 'APLICADA', NULL, '2026-04-18 09:00:00', 16),
                                                                                                                                                                                                                         (17, 17, 1, '2026-04-18 09:00:00', 47, 'LOTE-ANT-1016', 'Policlinico Jesus Maria', 'Av. Sucre 820', 'Jesus Maria', 'APLICADA', NULL, '2026-04-21 09:00:00', 17),
                                                                                                                                                                                                                         (18, 18, 1, '2026-04-21 09:00:00', 48, 'LOTE-VAC-1017', 'Centro de Salud Independencia', 'Av. Grau 840', 'Independencia', 'APLICADA', NULL, '2026-04-23 09:00:00', 18),
                                                                                                                                                                                                                         (19, 19, 1, '2026-04-24 09:00:00', 49, 'LOTE-ANT-1018', 'Hospital Sabogal', 'Av. Proceres de la Independencia 860', 'Callao', 'APLICADA', 'Enrojecimiento leve en zona de aplicacion', '2026-04-27 09:00:00', 19),
                                                                                                                                                                                                                         (20, 20, 1, '2026-04-27 09:00:00', 50, 'LOTE-ANT-1019', 'Centro de Salud Villa Maria del Triunfo', 'Av. Sucre 880', 'Villa Maria del Triunfo', 'REPROGRAMADA', NULL, '2026-04-29 09:00:00', 20),
                                                                                                                                                                                                                         (21, 21, 1, '2026-04-30 09:00:00', 51, 'LOTE-ANT-1020', 'Posta Medica San Juan de Miraflores', 'Av. Grau 900', 'San Juan de Miraflores', 'APLICADA', NULL, '2026-05-04 09:00:00', 21),
                                                                                                                                                                                                                         (22, 22, 1, '2026-05-03 09:00:00', 52, 'LOTE-FIE-1021', 'Centro de Salud Puente Piedra', 'Av. Proceres de la Independencia 920', 'Puente Piedra', 'APLICADA', NULL, '2026-05-04 09:00:00', 22),
                                                                                                                                                                                                                         (23, 23, 1, '2026-05-06 09:00:00', 53, 'LOTE-ANT-1022', 'Policlinico Surquillo', 'Av. Sucre 940', 'Surquillo', 'APLICADA', NULL, '2026-05-07 09:00:00', 23),
                                                                                                                                                                                                                         (24, 24, 1, '2026-05-09 09:00:00', 54, 'LOTE-ANT-1023', 'Centro de Salud Rimac', 'Av. Grau 960', 'Rimac', 'APLICADA', NULL, '2026-05-11 09:00:00', 24),
                                                                                                                                                                                                                         (25, 25, 1, '2026-05-12 09:00:00', 55, 'LOTE-HER-1024', 'Hospital Cayetano Heredia', 'Av. Proceres de la Independencia 980', 'San Martin de Porres', 'APLICADA', 'Enrojecimiento leve en zona de aplicacion', '2026-05-14 09:00:00', 25),
                                                                                                                                                                                                                         (26, 26, 1, '2026-05-15 09:00:00', 56, 'LOTE-ANT-1025', 'Centro de Salud Pachacamac', 'Av. Sucre 1000', 'Pachacamac', 'APLICADA', NULL, '2026-05-18 09:00:00', 26),
                                                                                                                                                                                                                         (27, 27, 1, '2026-05-18 09:00:00', 57, 'LOTE-ANT-1026', 'Posta Medica Lurin', 'Av. Grau 1020', 'Lurin', 'APLICADA', NULL, '2026-05-21 09:00:00', 27),
                                                                                                                                                                                                                         (28, 28, 1, '2026-05-21 09:00:00', 58, 'LOTE-ANT-1027', 'Centro de Salud Chaclacayo', 'Av. Proceres de la Independencia 1040', 'Chaclacayo', 'APLICADA', NULL, '2026-05-23 09:00:00', 28),
                                                                                                                                                                                                                         (29, 29, 1, '2026-05-24 09:00:00', 59, 'LOTE-RSV-1028', 'Policlinico Santa Anita', 'Av. Sucre 1060', 'Santa Anita', 'APLICADA', NULL, '2026-05-25 09:00:00', 29),
                                                                                                                                                                                                                         (30, 30, 1, '2026-05-27 09:00:00', 60, 'LOTE-MPO-1029', 'Centro de Salud El Agustino', 'Av. Grau 1080', 'El Agustino', 'ANULADA', NULL, '2026-05-29 09:00:00', 30);

INSERT INTO mae_esquema_vacunacion (id, nombre, descripcion, paciente_id, fecha_inicio, fecha_fin, estado, cartilla_id) VALUES
                                                                                                                            (1, 'Esquema COVID-19 Comirnaty', 'Esquema de vacunacion basado en COVID-19 Comirnaty', 61, '2026-02-01', NULL, 'PENDIENTE', 1),
                                                                                                                            (2, 'Esquema COVID-19 Spikevax', 'Esquema de vacunacion basado en COVID-19 Spikevax', 62, '2026-02-06', NULL, 'EN_PROGRESO', 2),
                                                                                                                            (3, 'Esquema COVID-19 Vaxzevria', 'Esquema de vacunacion basado en COVID-19 Vaxzevria', 63, '2026-02-11', '2026-03-13', 'COMPLETO', 3),
                                                                                                                            (4, 'Esquema COVID-19 Ad26.COV2.S', 'Esquema de vacunacion basado en COVID-19 Ad26.COV2.S', 64, '2026-02-16', NULL, 'PENDIENTE', 4),
                                                                                                                            (5, 'Esquema COVID-19 Sinopharm BBIBP-CorV', 'Esquema de vacunacion basado en COVID-19 Sinopharm BBIBP-CorV', 65, '2026-02-21', NULL, 'EN_PROGRESO', 5),
                                                                                                                            (6, 'Esquema CoronaVac', 'Esquema de vacunacion basado en CoronaVac', 66, '2026-02-26', '2026-03-28', 'COMPLETO', 6),
                                                                                                                            (7, 'Esquema Covaxin', 'Esquema de vacunacion basado en Covaxin', 67, '2026-03-03', NULL, 'PENDIENTE', 7),
                                                                                                                            (8, 'Esquema Influenza Estacional Trivalente', 'Esquema de vacunacion basado en Influenza Estacional Trivalente', 68, '2026-03-08', NULL, 'EN_PROGRESO', 8),
                                                                                                                            (9, 'Esquema Influenza Estacional Tetravalente', 'Esquema de vacunacion basado en Influenza Estacional Tetravalente', 69, '2026-03-13', '2026-04-12', 'COMPLETO', 9),
                                                                                                                            (10, 'Esquema Hepatitis B', 'Esquema de vacunacion basado en Hepatitis B', 70, '2026-03-18', NULL, 'PENDIENTE', 10),
                                                                                                                            (11, 'Esquema Hepatitis A', 'Esquema de vacunacion basado en Hepatitis A', 71, '2026-03-23', NULL, 'EN_PROGRESO', 11),
                                                                                                                            (12, 'Esquema Triple Viral (SPR)', 'Esquema de vacunacion basado en Triple Viral (SPR)', 72, '2026-03-28', '2026-04-27', 'COMPLETO', 12),
                                                                                                                            (13, 'Esquema DTP (Difteria, Tétanos, Pertussis)', 'Esquema de vacunacion basado en DTP (Difteria, Tétanos, Pertussis)', 73, '2026-04-02', NULL, 'PENDIENTE', 13),
                                                                                                                            (14, 'Esquema Antitetánica', 'Esquema de vacunacion basado en Antitetánica', 74, '2026-04-07', NULL, 'EN_PROGRESO', 14),
                                                                                                                            (15, 'Esquema BCG (Tuberculosis)', 'Esquema de vacunacion basado en BCG (Tuberculosis)', 75, '2026-04-12', '2026-05-12', 'COMPLETO', 15),
                                                                                                                            (16, 'Esquema Antipolio (IPV)', 'Esquema de vacunacion basado en Antipolio (IPV)', 76, '2026-04-17', NULL, 'PENDIENTE', 16),
                                                                                                                            (17, 'Esquema Antipolio Oral (OPV)', 'Esquema de vacunacion basado en Antipolio Oral (OPV)', 77, '2026-04-22', NULL, 'EN_PROGRESO', 17),
                                                                                                                            (18, 'Esquema Vacuna contra el VPH', 'Esquema de vacunacion basado en Vacuna contra el VPH', 78, '2026-04-27', '2026-05-27', 'COMPLETO', 18),
                                                                                                                            (19, 'Esquema Antineumocócica Conjugada', 'Esquema de vacunacion basado en Antineumocócica Conjugada', 79, '2026-05-02', NULL, 'PENDIENTE', 19),
                                                                                                                            (20, 'Esquema Antimeningocócica', 'Esquema de vacunacion basado en Antimeningocócica', 80, '2026-05-07', NULL, 'EN_PROGRESO', 20),
                                                                                                                            (21, 'Esquema Antirrábica', 'Esquema de vacunacion basado en Antirrábica', 81, '2026-05-12', '2026-06-11', 'COMPLETO', 21),
                                                                                                                            (22, 'Esquema Fiebre Amarilla', 'Esquema de vacunacion basado en Fiebre Amarilla', 82, '2026-05-17', NULL, 'PENDIENTE', 22),
                                                                                                                            (23, 'Esquema Antitifoidea', 'Esquema de vacunacion basado en Antitifoidea', 83, '2026-05-22', NULL, 'EN_PROGRESO', 23),
                                                                                                                            (24, 'Esquema Antivaricela', 'Esquema de vacunacion basado en Antivaricela', 84, '2026-05-27', '2026-06-26', 'COMPLETO', 24),
                                                                                                                            (25, 'Esquema Herpes Zóster (Shingrix)', 'Esquema de vacunacion basado en Herpes Zóster (Shingrix)', 85, '2026-06-01', NULL, 'PENDIENTE', 25),
                                                                                                                            (26, 'Esquema Antirrotavirus', 'Esquema de vacunacion basado en Antirrotavirus', 86, '2026-06-06', NULL, 'EN_PROGRESO', 26),
                                                                                                                            (27, 'Esquema Anti-Haemophilus influenzae b (Hib)', 'Esquema de vacunacion basado en Anti-Haemophilus influenzae b (Hib)', 87, '2026-06-11', '2026-07-11', 'COMPLETO', 27),
                                                                                                                            (28, 'Esquema Antidengue (Qdenga)', 'Esquema de vacunacion basado en Antidengue (Qdenga)', 88, '2026-06-16', NULL, 'PENDIENTE', 28),
                                                                                                                            (29, 'Esquema RSV (Virus Sincitial Respiratorio)', 'Esquema de vacunacion basado en RSV (Virus Sincitial Respiratorio)', 89, '2026-06-21', NULL, 'EN_PROGRESO', 29),
                                                                                                                            (30, 'Esquema Mpox (Viruela del Mono)', 'Esquema de vacunacion basado en Mpox (Viruela del Mono)', 90, '2026-06-26', '2026-07-26', 'COMPLETO', 30);

INSERT INTO mae_esquema_vacuna (esquema_id, vacuna_id) VALUES
                                                           (1, 1),
                                                           (1, 2),
                                                           (2, 2),
                                                           (3, 3),
                                                           (3, 4),
                                                           (4, 4),
                                                           (5, 5),
                                                           (5, 6),
                                                           (6, 6),
                                                           (7, 7),
                                                           (7, 8),
                                                           (8, 8),
                                                           (9, 9),
                                                           (9, 10),
                                                           (10, 10),
                                                           (11, 11),
                                                           (11, 12),
                                                           (12, 12),
                                                           (13, 13),
                                                           (13, 14),
                                                           (14, 14),
                                                           (15, 15),
                                                           (15, 16),
                                                           (16, 16),
                                                           (17, 17),
                                                           (17, 18),
                                                           (18, 18),
                                                           (19, 19),
                                                           (19, 20),
                                                           (20, 20),
                                                           (21, 21),
                                                           (21, 22),
                                                           (22, 22),
                                                           (23, 23),
                                                           (23, 24),
                                                           (24, 24),
                                                           (25, 25),
                                                           (25, 26),
                                                           (26, 26),
                                                           (27, 27),
                                                           (27, 28),
                                                           (28, 28),
                                                           (29, 29),
                                                           (29, 30),
                                                           (30, 30);

INSERT INTO mae_esquema_edades (esquema_id, edad_recomendada) VALUES
                                                                  (1, 0),
                                                                  (1, 6),
                                                                  (2, 2),
                                                                  (2, 12),
                                                                  (3, 4),
                                                                  (3, 18),
                                                                  (4, 6),
                                                                  (4, 60),
                                                                  (5, 12),
                                                                  (5, 65),
                                                                  (6, 18),
                                                                  (6, 0),
                                                                  (7, 60),
                                                                  (7, 2),
                                                                  (8, 65),
                                                                  (8, 4),
                                                                  (9, 0),
                                                                  (9, 6),
                                                                  (10, 2),
                                                                  (10, 12),
                                                                  (11, 4),
                                                                  (11, 18),
                                                                  (12, 6),
                                                                  (12, 60),
                                                                  (13, 12),
                                                                  (13, 65),
                                                                  (14, 18),
                                                                  (14, 0),
                                                                  (15, 60),
                                                                  (15, 2),
                                                                  (16, 65),
                                                                  (16, 4),
                                                                  (17, 0),
                                                                  (17, 6),
                                                                  (18, 2),
                                                                  (18, 12),
                                                                  (19, 4),
                                                                  (19, 18),
                                                                  (20, 6),
                                                                  (20, 60),
                                                                  (21, 12),
                                                                  (21, 65),
                                                                  (22, 18),
                                                                  (22, 0),
                                                                  (23, 60),
                                                                  (23, 2),
                                                                  (24, 65),
                                                                  (24, 4),
                                                                  (25, 0),
                                                                  (25, 6),
                                                                  (26, 2),
                                                                  (26, 12),
                                                                  (27, 4),
                                                                  (27, 18),
                                                                  (28, 6),
                                                                  (28, 60),
                                                                  (29, 12),
                                                                  (29, 65),
                                                                  (30, 18),
                                                                  (30, 0);

INSERT INTO mae_notificacion (id, mensaje, destinatario_id, fecha_envio, estado) VALUES
                                                                                     (1, 'Se ha registrado su primera dosis con exito.', 61, '2026-07-01 08:00:00', 'ENVIADA'),
                                                                                     (2, 'Su cita ha sido confirmada para la fecha programada.', 62, '2026-07-01 12:00:00', 'ENVIADA'),
                                                                                     (3, 'Se detecto una posible contraindicacion, revise con su medico.', 63, '2026-07-01 16:00:00', 'ENVIADA'),
                                                                                     (4, 'Su cartilla digital ha sido actualizada.', 64, '2026-07-01 20:00:00', 'ENVIADA'),
                                                                                     (5, 'Recordatorio: complete sus datos de contacto de emergencia.', 65, '2026-07-02 00:00:00', 'ENVIADA'),
                                                                                     (6, 'Se ha registrado su primera dosis con exito.', 66, '2026-07-02 04:00:00', 'PENDIENTE'),
                                                                                     (7, 'Su cita ha sido confirmada para la fecha programada.', 67, '2026-07-02 08:00:00', 'ENVIADA'),
                                                                                     (8, 'Se detecto una posible contraindicacion, revise con su medico.', 68, '2026-07-02 12:00:00', 'ENVIADA'),
                                                                                     (9, 'Su cartilla digital ha sido actualizada.', 69, '2026-07-02 16:00:00', 'ENVIADA'),
                                                                                     (10, 'Recordatorio: complete sus datos de contacto de emergencia.', 70, '2026-07-02 20:00:00', 'ENVIADA'),
                                                                                     (11, 'Se ha registrado su primera dosis con exito.', 71, '2026-07-03 00:00:00', 'ENVIADA'),
                                                                                     (12, 'Su cita ha sido confirmada para la fecha programada.', 72, '2026-07-03 04:00:00', 'PENDIENTE'),
                                                                                     (13, 'Se detecto una posible contraindicacion, revise con su medico.', 73, '2026-07-03 08:00:00', 'ENVIADA'),
                                                                                     (14, 'Su cartilla digital ha sido actualizada.', 74, '2026-07-03 12:00:00', 'ENVIADA'),
                                                                                     (15, 'Recordatorio: complete sus datos de contacto de emergencia.', 75, '2026-07-03 16:00:00', 'ENVIADA'),
                                                                                     (16, 'Se ha registrado su primera dosis con exito.', 76, '2026-07-03 20:00:00', 'ENVIADA'),
                                                                                     (17, 'Su cita ha sido confirmada para la fecha programada.', 77, '2026-07-04 00:00:00', 'ENVIADA'),
                                                                                     (18, 'Se detecto una posible contraindicacion, revise con su medico.', 78, '2026-07-04 04:00:00', 'PENDIENTE'),
                                                                                     (19, 'Su cartilla digital ha sido actualizada.', 79, '2026-07-04 08:00:00', 'ENVIADA'),
                                                                                     (20, 'Recordatorio: complete sus datos de contacto de emergencia.', 80, '2026-07-04 12:00:00', 'ENVIADA'),
                                                                                     (21, 'Se ha registrado su primera dosis con exito.', 81, '2026-07-04 16:00:00', 'ENVIADA'),
                                                                                     (22, 'Su cita ha sido confirmada para la fecha programada.', 82, '2026-07-04 20:00:00', 'ENVIADA'),
                                                                                     (23, 'Se detecto una posible contraindicacion, revise con su medico.', 83, '2026-07-05 00:00:00', 'ENVIADA'),
                                                                                     (24, 'Su cartilla digital ha sido actualizada.', 84, '2026-07-05 04:00:00', 'PENDIENTE'),
                                                                                     (25, 'Recordatorio: complete sus datos de contacto de emergencia.', 85, '2026-07-05 08:00:00', 'ENVIADA'),
                                                                                     (26, 'Se ha registrado su primera dosis con exito.', 86, '2026-07-05 12:00:00', 'ENVIADA'),
                                                                                     (27, 'Su cita ha sido confirmada para la fecha programada.', 87, '2026-07-05 16:00:00', 'ENVIADA'),
                                                                                     (28, 'Se detecto una posible contraindicacion, revise con su medico.', 88, '2026-07-05 20:00:00', 'ENVIADA'),
                                                                                     (29, 'Su cartilla digital ha sido actualizada.', 89, '2026-07-06 00:00:00', 'ENVIADA'),
                                                                                     (30, 'Recordatorio: complete sus datos de contacto de emergencia.', 90, '2026-07-06 04:00:00', 'PENDIENTE'),
                                                                                     (31, 'Recordatorio de proxima dosis', 61, '2026-07-05 08:00:00', 'PENDIENTE'),
                                                                                     (32, 'Recordatorio de proxima dosis', 62, '2026-07-05 11:00:00', 'PENDIENTE'),
                                                                                     (33, 'Recordatorio de proxima dosis', 63, '2026-07-05 14:00:00', 'PENDIENTE'),
                                                                                     (34, 'Recordatorio de proxima dosis', 64, '2026-07-05 17:00:00', 'PENDIENTE'),
                                                                                     (35, 'Recordatorio de proxima dosis', 65, '2026-07-05 20:00:00', 'ENVIADA'),
                                                                                     (36, 'Recordatorio de proxima dosis', 66, '2026-07-05 23:00:00', 'PENDIENTE'),
                                                                                     (37, 'Recordatorio de proxima dosis', 67, '2026-07-06 02:00:00', 'PENDIENTE'),
                                                                                     (38, 'Recordatorio de proxima dosis', 68, '2026-07-06 05:00:00', 'PENDIENTE'),
                                                                                     (39, 'Recordatorio de proxima dosis', 69, '2026-07-06 08:00:00', 'PENDIENTE'),
                                                                                     (40, 'Recordatorio de proxima dosis', 70, '2026-07-06 11:00:00', 'ENVIADA'),
                                                                                     (41, 'Recordatorio de proxima dosis', 71, '2026-07-06 14:00:00', 'PENDIENTE'),
                                                                                     (42, 'Recordatorio de proxima dosis', 72, '2026-07-06 17:00:00', 'PENDIENTE'),
                                                                                     (43, 'Recordatorio de proxima dosis', 73, '2026-07-06 20:00:00', 'PENDIENTE'),
                                                                                     (44, 'Recordatorio de proxima dosis', 74, '2026-07-06 23:00:00', 'PENDIENTE'),
                                                                                     (45, 'Recordatorio de proxima dosis', 75, '2026-07-07 02:00:00', 'ENVIADA'),
                                                                                     (46, 'Recordatorio de proxima dosis', 76, '2026-07-07 05:00:00', 'PENDIENTE'),
                                                                                     (47, 'Recordatorio de proxima dosis', 77, '2026-07-07 08:00:00', 'PENDIENTE'),
                                                                                     (48, 'Recordatorio de proxima dosis', 78, '2026-07-07 11:00:00', 'PENDIENTE'),
                                                                                     (49, 'Recordatorio de proxima dosis', 79, '2026-07-07 14:00:00', 'PENDIENTE'),
                                                                                     (50, 'Recordatorio de proxima dosis', 80, '2026-07-07 17:00:00', 'ENVIADA'),
                                                                                     (51, 'Recordatorio de proxima dosis', 81, '2026-07-07 20:00:00', 'PENDIENTE'),
                                                                                     (52, 'Recordatorio de proxima dosis', 82, '2026-07-07 23:00:00', 'PENDIENTE'),
                                                                                     (53, 'Recordatorio de proxima dosis', 83, '2026-07-08 02:00:00', 'PENDIENTE'),
                                                                                     (54, 'Recordatorio de proxima dosis', 84, '2026-07-08 05:00:00', 'PENDIENTE'),
                                                                                     (55, 'Recordatorio de proxima dosis', 85, '2026-07-08 08:00:00', 'ENVIADA'),
                                                                                     (56, 'Recordatorio de proxima dosis', 86, '2026-07-08 11:00:00', 'PENDIENTE'),
                                                                                     (57, 'Recordatorio de proxima dosis', 87, '2026-07-08 14:00:00', 'PENDIENTE'),
                                                                                     (58, 'Recordatorio de proxima dosis', 88, '2026-07-08 17:00:00', 'PENDIENTE'),
                                                                                     (59, 'Recordatorio de proxima dosis', 89, '2026-07-08 20:00:00', 'PENDIENTE'),
                                                                                     (60, 'Recordatorio de proxima dosis', 90, '2026-07-08 23:00:00', 'ENVIADA');

INSERT INTO mae_notificacion_sistema (id, tipo, leida) VALUES
                                                           (1, 'ALERTA', FALSE),
                                                           (2, 'INFORMACION', TRUE),
                                                           (3, 'SISTEMA', TRUE),
                                                           (4, 'ALERTA', FALSE),
                                                           (5, 'INFORMACION', TRUE),
                                                           (6, 'SISTEMA', TRUE),
                                                           (7, 'ALERTA', FALSE),
                                                           (8, 'INFORMACION', TRUE),
                                                           (9, 'SISTEMA', TRUE),
                                                           (10, 'ALERTA', FALSE),
                                                           (11, 'INFORMACION', TRUE),
                                                           (12, 'SISTEMA', TRUE),
                                                           (13, 'ALERTA', FALSE),
                                                           (14, 'INFORMACION', TRUE),
                                                           (15, 'SISTEMA', TRUE),
                                                           (16, 'ALERTA', FALSE),
                                                           (17, 'INFORMACION', TRUE),
                                                           (18, 'SISTEMA', TRUE),
                                                           (19, 'ALERTA', FALSE),
                                                           (20, 'INFORMACION', TRUE),
                                                           (21, 'SISTEMA', TRUE),
                                                           (22, 'ALERTA', FALSE),
                                                           (23, 'INFORMACION', TRUE),
                                                           (24, 'SISTEMA', TRUE),
                                                           (25, 'ALERTA', FALSE),
                                                           (26, 'INFORMACION', TRUE),
                                                           (27, 'SISTEMA', TRUE),
                                                           (28, 'ALERTA', FALSE),
                                                           (29, 'INFORMACION', TRUE),
                                                           (30, 'SISTEMA', TRUE);

INSERT INTO mae_notificacion_recordatorio (id, registro_vacuna_id, fecha_recordatorio) VALUES
                                                                                           (31, 1, '2026-08-01 09:00:00'),
                                                                                           (32, 2, '2026-08-02 09:00:00'),
                                                                                           (33, 3, '2026-08-03 09:00:00'),
                                                                                           (34, 4, '2026-08-04 09:00:00'),
                                                                                           (35, 5, '2026-08-05 09:00:00'),
                                                                                           (36, 6, '2026-08-06 09:00:00'),
                                                                                           (37, 7, '2026-08-07 09:00:00'),
                                                                                           (38, 8, '2026-08-08 09:00:00'),
                                                                                           (39, 9, '2026-08-09 09:00:00'),
                                                                                           (40, 10, '2026-08-10 09:00:00'),
                                                                                           (41, 11, '2026-08-11 09:00:00'),
                                                                                           (42, 12, '2026-08-12 09:00:00'),
                                                                                           (43, 13, '2026-08-13 09:00:00'),
                                                                                           (44, 14, '2026-08-14 09:00:00'),
                                                                                           (45, 15, '2026-08-15 09:00:00'),
                                                                                           (46, 16, '2026-08-16 09:00:00'),
                                                                                           (47, 17, '2026-08-17 09:00:00'),
                                                                                           (48, 18, '2026-08-18 09:00:00'),
                                                                                           (49, 19, '2026-08-19 09:00:00'),
                                                                                           (50, 20, '2026-08-20 09:00:00'),
                                                                                           (51, 21, '2026-08-21 09:00:00'),
                                                                                           (52, 22, '2026-08-22 09:00:00'),
                                                                                           (53, 23, '2026-08-23 09:00:00'),
                                                                                           (54, 24, '2026-08-24 09:00:00'),
                                                                                           (55, 25, '2026-08-25 09:00:00'),
                                                                                           (56, 26, '2026-08-26 09:00:00'),
                                                                                           (57, 27, '2026-08-27 09:00:00'),
                                                                                           (58, 28, '2026-08-28 09:00:00'),
                                                                                           (59, 29, '2026-08-29 09:00:00'),
                                                                                           (60, 30, '2026-08-30 09:00:00');

-- mae_registro_auditoria: tabla independiente, id autogenerado (IDENTITY)
INSERT INTO mae_registro_auditoria (usuario_id, accion, entidad_afectada, id_entidad, detalles, fecha_hora) VALUES
                                                                                                                (1, 'CREAR', 'CitaVacunacion', '1', 'CREAR sobre CitaVacunacion con ID 1', '2026-07-01 08:00:00'),
                                                                                                                (2, 'ACTUALIZAR', 'RegistroVacuna', '2', 'ACTUALIZAR sobre RegistroVacuna con ID 2', '2026-07-01 13:00:00'),
                                                                                                                (3, 'ELIMINAR', 'Paciente', '3', 'ELIMINAR sobre Paciente con ID 3', '2026-07-01 18:00:00'),
                                                                                                                (4, 'CREAR', 'EsquemaVacunacion', '4', 'CREAR sobre EsquemaVacunacion con ID 4', '2026-07-01 23:00:00'),
                                                                                                                (5, 'ACTUALIZAR', 'CuentaUsuario', '5', 'ACTUALIZAR sobre CuentaUsuario con ID 5', '2026-07-02 04:00:00'),
                                                                                                                (6, 'ELIMINAR', 'CitaVacunacion', '6', 'ELIMINAR sobre CitaVacunacion con ID 6', '2026-07-02 09:00:00'),
                                                                                                                (7, 'CREAR', 'RegistroVacuna', '7', 'CREAR sobre RegistroVacuna con ID 7', '2026-07-02 14:00:00'),
                                                                                                                (8, 'ACTUALIZAR', 'Paciente', '8', 'ACTUALIZAR sobre Paciente con ID 8', '2026-07-02 19:00:00'),
                                                                                                                (9, 'ELIMINAR', 'EsquemaVacunacion', '9', 'ELIMINAR sobre EsquemaVacunacion con ID 9', '2026-07-03 00:00:00'),
                                                                                                                (10, 'CREAR', 'CuentaUsuario', '10', 'CREAR sobre CuentaUsuario con ID 10', '2026-07-03 05:00:00'),
                                                                                                                (11, 'ACTUALIZAR', 'CitaVacunacion', '11', 'ACTUALIZAR sobre CitaVacunacion con ID 11', '2026-07-03 10:00:00'),
                                                                                                                (12, 'ELIMINAR', 'RegistroVacuna', '12', 'ELIMINAR sobre RegistroVacuna con ID 12', '2026-07-03 15:00:00'),
                                                                                                                (13, 'CREAR', 'Paciente', '13', 'CREAR sobre Paciente con ID 13', '2026-07-03 20:00:00'),
                                                                                                                (14, 'ACTUALIZAR', 'EsquemaVacunacion', '14', 'ACTUALIZAR sobre EsquemaVacunacion con ID 14', '2026-07-04 01:00:00'),
                                                                                                                (15, 'ELIMINAR', 'CuentaUsuario', '15', 'ELIMINAR sobre CuentaUsuario con ID 15', '2026-07-04 06:00:00'),
                                                                                                                (16, 'CREAR', 'CitaVacunacion', '16', 'CREAR sobre CitaVacunacion con ID 16', '2026-07-04 11:00:00'),
                                                                                                                (17, 'ACTUALIZAR', 'RegistroVacuna', '17', 'ACTUALIZAR sobre RegistroVacuna con ID 17', '2026-07-04 16:00:00'),
                                                                                                                (18, 'ELIMINAR', 'Paciente', '18', 'ELIMINAR sobre Paciente con ID 18', '2026-07-04 21:00:00'),
                                                                                                                (19, 'CREAR', 'EsquemaVacunacion', '19', 'CREAR sobre EsquemaVacunacion con ID 19', '2026-07-05 02:00:00'),
                                                                                                                (20, 'ACTUALIZAR', 'CuentaUsuario', '20', 'ACTUALIZAR sobre CuentaUsuario con ID 20', '2026-07-05 07:00:00'),
                                                                                                                (21, 'ELIMINAR', 'CitaVacunacion', '21', 'ELIMINAR sobre CitaVacunacion con ID 21', '2026-07-05 12:00:00'),
                                                                                                                (22, 'CREAR', 'RegistroVacuna', '22', 'CREAR sobre RegistroVacuna con ID 22', '2026-07-05 17:00:00'),
                                                                                                                (23, 'ACTUALIZAR', 'Paciente', '23', 'ACTUALIZAR sobre Paciente con ID 23', '2026-07-05 22:00:00'),
                                                                                                                (24, 'ELIMINAR', 'EsquemaVacunacion', '24', 'ELIMINAR sobre EsquemaVacunacion con ID 24', '2026-07-06 03:00:00'),
                                                                                                                (25, 'CREAR', 'CuentaUsuario', '25', 'CREAR sobre CuentaUsuario con ID 25', '2026-07-06 08:00:00'),
                                                                                                                (26, 'ACTUALIZAR', 'CitaVacunacion', '26', 'ACTUALIZAR sobre CitaVacunacion con ID 26', '2026-07-06 13:00:00'),
                                                                                                                (27, 'ELIMINAR', 'RegistroVacuna', '27', 'ELIMINAR sobre RegistroVacuna con ID 27', '2026-07-06 18:00:00'),
                                                                                                                (28, 'CREAR', 'Paciente', '28', 'CREAR sobre Paciente con ID 28', '2026-07-06 23:00:00'),
                                                                                                                (29, 'ACTUALIZAR', 'EsquemaVacunacion', '29', 'ACTUALIZAR sobre EsquemaVacunacion con ID 29', '2026-07-07 04:00:00'),
                                                                                                                (30, 'ELIMINAR', 'CuentaUsuario', '30', 'ELIMINAR sobre CuentaUsuario con ID 30', '2026-07-07 09:00:00');